source_file,template_id,first_record_index,usage_count,field,jp_text,literal_note,proposed_english,placeholders,placeholder_check,confidence,review_note
assets/data/quest.bin.mid,T00,0,13,text,現金を[NUM]＄貯めろ。,genkin wo [NUM]$ tamero = save up [NUM]$ of cash,Save up $[NUM] in cash.,[NUM],OK,high,JP puts the currency mark after the number; EN uses $ prefix per style guide.
assets/data/quest.bin.mid,T01,1,23,text,幻のレシピ「[RECIPE]」を登録せよ。,maboroshi no reshipi = phantom/legendary recipe; touroku seyo = register it,Unlock the legendary recipe: [RECIPE].,[RECIPE],OK,high,EN revival uses 'unlock' for recipes (strings 660-661).
assets/data/quest.bin.mid,T02,2,1,text,[CHARA]（[GENDER]）を感染してこきつかえ。,kansen shite kokitsukae = infect and work them hard,Infect a [CHARA] ([GENDER]) and work them to the bone.,[CHARA] [GENDER],OK,high,Identical wording to template @45 (kana spelling differs); both get the same EN.
assets/data/quest.bin.mid,T03,3,1,text,友達の店を[NUM]回襲撃して営業妨害せよ。,eigyou bougai = business obstruction/sabotage,Raid friends' cafés [NUM] times and put a dent in their business.,[NUM],OK,high,"Same text as template @54 but ends with a period; @54 gets the '!'. '[NUM] times' reads as '1 times' when NUM=1 - engine limitation, matches genre convention."
assets/data/quest.bin.mid,T04,4,1,text,シェフに自分の名前をつけろ！,give the Chef your own name,Name your Chef after yourself!,(none),OK,high,
assets/data/quest.bin.mid,T05,5,1,text,ゾンビに好きな女の子の名前をつけろ！,suki na onna no ko = the girl you like/fancy,Name a zombie after your crush!,(none),OK,high,JP says 'girl you like'; 'crush' keeps the joke without assuming the player's taste.
assets/data/quest.bin.mid,T06,6,1,text,FaceBookに投稿して店舗拡大を目指せ。,post to Facebook aiming at store expansion,Post on Facebook and spread the word about your café.,(none),OK,medium,SERVICE DEPENDENCY: Facebook integration is dead in an offline build - flag for owner decision; quest may need retiring or a reward-free auto-complete.
assets/data/quest.bin.mid,T07,7,4,text,リストラの指令だ。ゾンビを[NUM]体クビにしろ。,risutora no shirei = restructuring (layoff) orders,Time for some corporate downsizing. Fire [NUM] zombies.,[NUM],OK,high,
assets/data/quest.bin.mid,T08,8,4,text,小凶ルーレットを[NUM]回引くのだ。,shoukyou = minor misfortune (omikuji luck rank); hiku = draw/pull,Spin the Minor Misfortune Roulette [NUM] times.,[NUM],OK,medium,NAMING OPEN: 4-tier omikuji joke (shoukyou/daikyou/saikyou/gokukyou). Proposed set: Minor/Major/Dire/Ultimate Misfortune Roulette. Sync with gacha keep/cut decision + baked roulette art.
assets/data/quest.bin.mid,T09,9,4,text,大凶ルーレットを[NUM]回引くのだ。,daikyou = great misfortune,Spin the Major Misfortune Roulette [NUM] times.,[NUM],OK,medium,See Minor Misfortune note.
assets/data/quest.bin.mid,T10,10,4,text,最凶ルーレットを[NUM]回引くのだ。,saikyou = worst misfortune (pun on 'strongest'),Spin the Dire Misfortune Roulette [NUM] times.,[NUM],OK,medium,See Minor Misfortune note.
assets/data/quest.bin.mid,T11,11,4,text,極凶ルーレットを[NUM]回引くのだ。,gokukyou = ultimate misfortune,Spin the Ultimate Misfortune Roulette [NUM] times.,[NUM],OK,medium,See Minor Misfortune note.
assets/data/quest.bin.mid,T12,12,4,text,レビュワーに賄賂を[NUM]回送って評価をあげろ。,rebyuwaa = reviewer; wairo = bribe,Bribe the food critics [NUM] times to boost your rating.,[NUM],OK,high,
assets/data/quest.bin.mid,T13,13,13,text,模様替えの時期だ。[ITEM]を[NUM]個設置しろ。,moyougae no jiki = time for redecorating; setchi = place/install,Time to redecorate! Place [NUM]x [ITEM].,[NUM] [ITEM],OK,high,'[NUM]x' sidesteps English pluralization of the substituted item name. [ITEM] reference lives outside TargetRef (Pass 2 open question).
assets/data/quest.bin.mid,T14,14,15,text,友達を[NUM]人招待してチェーン店を拡大せよ！,cheen-ten = chain store,Invite [NUM] friends and grow the franchise!,[NUM],OK,medium,SERVICE DEPENDENCY: friend invites are a dead social feature offline.
assets/data/quest.bin.mid,T15,15,10,text,テレビを[NUM]回タップしろ。,,Tap the TV [NUM] times.,[NUM],OK,high,
assets/data/quest.bin.mid,T16,16,9,text,友達の店からの襲撃を[NUM]回撃退しろ！,gekitai = repel/drive off,Fend off raids from friends' cafés [NUM] times!,[NUM],OK,high,EN revival calls these 'Café Defense Wins' (strings 491).
assets/data/quest.bin.mid,T17,17,1,text,マダムに人気！警部・消防士・アメフト選手を雇おう。,keibu = police inspector; shouboushi = firefighter; amefuto senshu = American-football player,"The madams love a man in uniform! Hire a Police Inspector, a Fire Fighter, and a Football Player.",(none),OK,high,"Character names synced to pass-3 roster naming: 警部 row 147 = Police Inspector (巡査部長 row 38 is the Sergeant), Fire Fighter row 48, Football Player row 43."
assets/data/quest.bin.mid,T18,18,14,text,他店の客を[NUM]人食べて、コストカットせよ。,"eat [NUM] customers of other shops, do cost-cutting",Cut costs: eat [NUM] customers at rival cafés.,[NUM],OK,high,
assets/data/quest.bin.mid,T19,19,11,text,今期の予算、[NUM]$を華麗に消化せよ。,karei ni shouka = elegantly digest/use up the budget,Burn through this quarter's $[NUM] budget in style.,[NUM],OK,high,
assets/data/quest.bin.mid,T20,20,105,text,呪いのキャンペーンを行うぞ。[RECIPE]を[NUM]回調理しろ！,noroi no kyanpeen = campaign of curses,HQ's running a cursed promotion. Cook [RECIPE] [NUM] times!,[NUM] [RECIPE],OK,high,
assets/data/quest.bin.mid,T21,21,1,text,友達の店から売上を[NUM]回、回収しろ。,uriage wo kaishuu = collect the sales/takings,Collect fees from friends' cafés [NUM] times.,[NUM],OK,high,'Collect fees' matches EN revival strings 497.
assets/data/quest.bin.mid,T22,22,9,text,友達の店に[NUM]回、注文しろ。,chuumon = order,Send [NUM] food orders to friends' cafés.,[NUM],OK,high,EN revival: 'Your food order has been sent!' (strings 360).
assets/data/quest.bin.mid,T23,45,7,text,[CHARA]（[GENDER]）を感染してこき使え。,same as template @2; kokitsukae spelled with kanji here,Infect a [CHARA] ([GENDER]) and work them to the bone.,[CHARA] [GENDER],OK,high,Duplicate wording of template @2 - same EN on purpose.
assets/data/quest.bin.mid,T24,52,2,text,[CHARA]を感染してこき使え。,no-gender variant of template @2/@45,Infect a [CHARA] and work them to the bone.,[CHARA],OK,high,
assets/data/quest.bin.mid,T25,54,8,text,友達の店を[NUM]回襲撃して営業妨害せよ！,identical to template @3 with '!',Raid friends' cafés [NUM] times and put a dent in their business!,[NUM],OK,high,
assets/data/quest.bin.mid,T26,82,1,text,模様替えの時期だ。２つセットの[ITEM]を[NUM]個設置しろ。,futatsu setto no [ITEM] = the [ITEM] that comes as a set of two,Time to redecorate! Place [NUM]x [ITEM] (they come in pairs).,[NUM] [ITEM],OK,low,UNCERTAIN: 'set of two' could mean a paired furniture product or two-seater; verify against the item the quest actually targets once [ITEM] refs are located.
assets/data/quest.bin.mid,T27,84,1,text,模様替えの時期だ。花の[ITEM]を[NUM]個設置しろ。,hana no [ITEM] = flower [ITEM],Time to redecorate! Place [NUM]x flower [ITEM].,[NUM] [ITEM],OK,medium,Reads oddly if [ITEM] already contains 'flower'; verify once [ITEM] refs are located.
assets/data/quest.bin.mid,T28,91,1,text,模様替えの時期だ。赤い[ITEM]を[NUM]個設置しろ。,akai = red,Time to redecorate! Place [NUM]x red [ITEM].,[NUM] [ITEM],OK,medium,Verify against actual [ITEM] once refs are located.
assets/data/quest.bin.mid,T29,92,1,text,模様替えの時期だ。オレンジの[ITEM]を[NUM]個設置しろ。,orenji no = orange,Time to redecorate! Place [NUM]x orange [ITEM].,[NUM] [ITEM],OK,medium,Verify against actual [ITEM] once refs are located.
assets/data/quest.bin.mid,T30,96,2,text,模様替えの時期だ。現金で買える[ITEM]を[NUM]個設置しろ。,genkin de kaeru = purchasable with cash (not Toxin),Time to redecorate! Place [NUM]x [ITEM] bought with cash.,[NUM] [ITEM],OK,medium,Verify against actual [ITEM] once refs are located.
assets/data/quest.bin.mid,T31,152,105,text,利益率が高いかもしれない[RECIPE]を[NUM]回調理しろ！,rieki-ritsu ga takai kamoshirenai = might have a high profit margin,Profit margins on [RECIPE] look juicy. Cook it [NUM] times!,[NUM] [RECIPE],OK,high,
assets/data/quest.bin.mid,T32,153,105,text,流行りものが好きな客の為に[RECIPE]を[NUM]回調理しろ！,hayarimono ga suki na kyaku = customers who love trendy things,The trend-chasers demand [RECIPE]. Cook it [NUM] times!,[NUM] [RECIPE],OK,high,
assets/data/quest.bin.mid,T33,154,105,text,誤発注で材料が多い[RECIPE]を[NUM]回調理しろ！,gohatchuu de zairyou ga ooi = mis-order left too many ingredients,Someone botched the supply order. Cook [RECIPE] [NUM] times to use it all up!,[NUM] [RECIPE],OK,high,
assets/data/quest.bin.mid,T34,467,8,text,友達の店から売上を[NUM]回、回収して儲けろ。,kaishuu shite moukero = collect and profit,Collect fees from friends' cafés [NUM] times and turn a profit.,[NUM],OK,high,
assets/data/quest.bin.mid,T35,483,11,text,ゾンビコレクション完成度[NUM]%を達成せよ。,zonbi korekushon kanseido = zombie collection completion rate,Get your Zombiepedia to [NUM]% completion.,[NUM],OK,high,EN revival names the collection book 'Zombiepedia' (strings 657).
assets/data/quest.bin.mid,T36,494,1,text,目障りなフランケンの店を襲撃して勝て！,mezawari na = eyesore/annoying; Furanken,Raid Frankenstein's eyesore of a café and win!,(none),OK,high,Enemy café name synced to EN revival boss list (strings 630 'Frankenstein').
assets/data/quest.bin.mid,T37,495,1,text,いまいましいゾンビメイドカフェを襲撃して勝て！,imaimashii = infernal/vexing; zonbi meido kafe,Raid that insufferable Zombie Maid Café and win!,(none),OK,high,
assets/data/quest.bin.mid,T38,496,1,text,憎らしいゾンビ飲茶店を襲撃して勝て！,nikurashii = hateful; yamucha-ten = dim-sum/yum-cha shop,Raid that odious Zombie Dim Sum Café and win!,(none),OK,high,
assets/data/quest.bin.mid,T39,497,1,text,人気店ランキングを表示してランキングを確認しろ。,ninki-ten rankingu = popular-shop ranking,Open the café rankings and see where you stand.,(none),OK,medium,SERVICE DEPENDENCY: rankings are a server feature; flag for offline decision.
assets/data/quest.bin.mid,T40,498,9,text,友達の店に[NUM]回、配達しろ！,haitatsu = deliver,Make [NUM] deliveries to friends' cafés!,[NUM],OK,high,
assets/data/quest.bin.mid,T41,507,1,text,税務署の監査が入りそうだ！手持ちの現金を[NUM]＄以下にしろ！,zeimusho no kansa = tax-office audit,Tax audit incoming! Get your cash on hand below $[NUM]!,[NUM],OK,high,"Goal is 1,000,000 - i.e. spend down below $1M; funny anti-hoarding quest."
assets/data/quest.bin.mid,T42,508,1,text,邪魔な忍者喫茶を襲撃して勝て！,jama na = in-the-way; ninja kissa = ninja tearoom,Raid that meddlesome Ninja Café and win!,(none),OK,high,
assets/data/quest.bin.mid,T43,510,1,text,かっこつけたレプラコーンのカフェを襲撃して勝て！,kakkotsuketa = posing/showing off,Raid that show-off Leprechaun's café and win!,(none),OK,high,EN revival boss list has 'Leprechaun' (strings 631).
assets/data/quest.bin.mid,T44,511,1,text,侵略者だ！宇宙船カフェを襲撃して勝て！,shinryakusha = invader; uchuusen = spaceship,Invaders! Raid the Spaceship Café and win!,(none),OK,high,
assets/data/quest.bin.mid,T45,512,1,text,手強すぎるデビルカフェを襲撃して勝て！,tegowa-sugiru = far too formidable,Raid the brutally tough Devil Café and win!,(none),OK,high,
assets/data/quest.bin.mid,T46,513,1,text,ミートロッカーにゾンビを[NUM]人しまえ！,shimae = put away/stash,Stash [NUM] zombies in the Meat Locker!,[NUM],OK,high,Meat Locker per glossary.
assets/data/quest.bin.mid,T47,514,1,text,ミートロッカーを[NUM]体以上格納できるように拡張しろ！,kakuchou = expand; kakunou = store,Expand your Meat Locker to hold at least [NUM] zombies!,[NUM],OK,high,
assets/data/quest.bin.mid,T48,515,3,text,ゾンビ道場で小技ルーレットを[NUM]回引け！,zonbi doujou = zombie dojo; kowaza = minor technique/move,Spin the Basic Moves Roulette at the Zombie Dojo [NUM] times!,[NUM],OK,medium,NAMING OPEN: dojo skill ('waza') system is JP-only; 'Basic Moves Roulette' provisional. Sync with dojo/skill glossary once that system's strings (654-661 zone + tail) are final.
assets/data/quest.bin.mid,T49,518,3,text,三流家具ルーレットを[NUM]回引け！,sanryuu = third-rate,Spin the Third-Rate Furniture Roulette [NUM] times!,[NUM],OK,high,Self-deprecating tier name kept - it's the joke.
assets/data/quest.bin.mid,T50,521,1,text,サボっているヤツがいるぞ！寝ているゾンビを[NUM]回起こせ！,sabotte iru yatsu = a slacker; okose = wake them,Someone's slacking! Wake up sleeping zombies [NUM] times!,[NUM],OK,high,4-step escalation series with @522/@523/@524 - keep the arc.
assets/data/quest.bin.mid,T51,522,1,text,またサボっているヤツがいるぞ！寝ているゾンビを[NUM]回起こせ！,mata = again,More slacking! Wake up sleeping zombies [NUM] times!,[NUM],OK,high,
assets/data/quest.bin.mid,T52,523,1,text,まだサボっているヤツがいるぞ！寝ているゾンビを[NUM]回起こせ！,mada = still,STILL slacking! Wake up sleeping zombies [NUM] times!,[NUM],OK,high,
assets/data/quest.bin.mid,T53,524,1,text,まだまだサボっているヤツがいるぞ！寝ているゾンビを[NUM]回起こせ！,"madamada = still, even now",They're STILL AT IT! Wake up sleeping zombies [NUM] times!,[NUM],OK,high,"Final step of the escalation; NUM jumps to 200 here, the copy should sound exasperated."
assets/data/quest.bin.mid,T54,640,1,text,ボスを攻撃だ！[ITEM]を[NUM]個購入しろ。,bosu wo kougeki da = attack the boss,Attack the boss! Buy [NUM]x [ITEM].,[NUM] [ITEM],OK,medium,Event-boss item purchase; [ITEM] ref unresolved (Pass 2 open question) and event infra is server-side - flag with gacha/colosseum decisions.
assets/data/quest.bin.mid,T55,641,379,text,このクエストはまだありません,kono kuesuto wa mada arimasen = this quest does not exist yet,This quest isn't available yet.,(none),OK,high,FILLER ROW used by all 379 empty slots; keep short and neutral.
