# idx	human description	zombie description
15	She's a cubicle zombie. She's just not dead yet.	She's a former cubicle zombie who finally feels alive again.
41	Once a title contender, now just another guy here for lunch.	A once-proud fighter, now attacking customers to reclaim his glory.
42	The heavyweight champ is going for a knockout against hunger.	The self-proclaimed greatest zombie ever! His star power wows customers.
80	Just a tiny bit more famous than everyone else.	Got voted off the country.
81	Here to satisfy a bottomless appetite.	Still not full!!
83	How do you eat with boxing gloves on?	His real fight starts at the Zombie Cafe.
91	The heavyweight champ is about to be knocked out by hunger.	-
113	Take a bite out of this chef's brain and you'll feel south of the border.	-
132	A single mom living frugally on hand-me-down bandages.	A mummy who just works, and works, and works.
133	Waited 3,000 years for a decent sandwich.	Engrossed in reading the menu.
136	Works at a maid cafe. Her real job is something else.	She served until she dropped. Literally.
137	The shadowy ruler who keeps the maids in line.	The shadowy ruler who keeps the maids in line.
138	A devoted robot forever searching for her master.	Looks like a maid, built for combat. Service is a bit rough.
140	Embezzling the shop's earnings!	-
141	On a diet. Got a problem with that?	Way hungrier than he ever was in the ring.
142	This punch-drunk boxer is lovestruck by lunch.	Forget his fists, he's now registered as a lethal weapon.
143	All the cheers belong to me. Even in a cafe!	He never stops biting back. Defeat isn't in his vocabulary.
144	Dry eyes again today. Too many crossword puzzles.	No more dry eyes. He dropped his eyeballs.
145	A go-getter pouring his heart into the economy. Sleeps 3 hours.	Craving brains for the good of the economy.
146	A specialist who handles even big corporations.	Balancing the books on all the brains he's eaten.
147	A hard-nosed inspector who cracks tough cases over lunch.	Now he's the cause of every tough case.
148	Loves bribes and hamburgers.	Loves bribes and brains.
149	His lunch is paid for by your taxes.	Please contribute to the brain tax for his lunch.
150	Brainstorming slogans for the next election over lunch.	Thinks "Zombie Minister" sounds pretty catchy.
151	For efficiency's sake, lunch is on the CEO's dime.	For efficiency's sake, lunch IS the CEO.
152	A career woman juggling love and work.	A career woman who ditched love to live for her appetite.
153	Loves her job. Lunch is always just salad and coffee.	Discovered joys beyond work. Lunch is always a double.
154	Graceful, nimble footwork for a pleasant dining experience.	He'll bite into your order with a smile.
155	Her harmonies are praised around the world.	Enjoy the harmony of rot, brains, and "uuurgh."
156	Changing bandages after spilling food is a real hassle.	No tablecloth needed. There's plenty of cloth right here.
157	Wears her makeup a bit heavy.	Working on a menu item for dry, flaky skin.
158	A grandmaster of every form of yoga. Next step: riding a cloud.	A grandmaster of every form of yoga. Never skips morning stretches.
159	Has trained so hard she's about to reach enlightenment.	Zombiehood brought true selflessness. Oh wait, there's a brain.
160	Countless soldiers owe their lives to his tactics. Loves donuts.	Countless customers have tripped over his army crawl.
161	They call him "The Comet." His wife is a news anchor.	They call him "The Zombie." His wife hasn't been seen lately.
162	Back-to-back Super Bowl MVP. His wife is a supermodel.	Says zombies are a lot like football. His wife hasn't been seen lately.
163	Handles any complaint gently and resolves it peacefully.	Handles any complaint with goo and a surprise attack.
164	"Oh right, I haven't eaten," he realized after 2 days.	"Oh right, I haven't eaten," he realized after 2 seconds.
165	"Back when I was young..." is her catchphrase.	"Back when I was human..." is her catchphrase.
166	First-rate style and groove.	Didn't lose his style when he became a zombie.
167	Not thinking about the future is his philosophy.	In a way, life turned out exactly how he wanted.
168	Likes to keep lunch quick.	Not sure going back to the old days would've been better.
169	Nobody beats him for heart and passion.	I'm SO STRONG!!
170	Still on active duty.	Still on active duty. But weaker than the active ones.
171	Likes to cook with a survival knife.	Now her body doesn't mind if she cuts a finger.
172	Once served with the Green Berets.	Living a life more extreme than her Green Beret days.
173	Made it to this rank by saying nothing but "Yes sir."	Doesn't even have the energy to say "Yes sir."
174	Dreams of pressing the big red launch button.	Now the button he wants to press is life's reset button.
175	Loves war more than three square meals a day!!	Struggling not to eat the food he's serving.
176	His old charisma is long gone.	Starting a second life.
177	An internationally famous supermodel.	Rotten or not, still an internationally famous supermodel.
178	Marrying a ballplayer was her plan since high school.	The world's first zombie with perfect diction.
179	Wants to be principal soon, but worries his body won't last.	Says the same thing to the principal as before: "Uuurgh."
180	Busy plotting punishments for unruly students.	Already decided on a punishment for unruly students. Dig in!
181	Calculating tuition per student head.	Calculating brains per student head.
182	Here to scout gifted kids.	You can't tell a gifted kid until you taste them. Even then, you can't.
183	Students, teachers, principals: all just lambs before him.	Students, teachers, principals: all just lunch before him.
184	Searching for his waifu.	Kinda into this whole zombie situation, lol.
185	Rumor has it his head is made of 0s and 1s.	Rumor has it his head is null.
186	An expert at negotiating with criminals. A master of mind games.	Want to order? Trade a brain for it. Negotiations underway.
187	Let him negotiate and any enemy will wave the white flag.	His persuasion has turned more than a few customers into zombies.
188	Blending into the city, blending into the cafe, protecting people.	Blending into the city, blending into the cafe, eating you-know-what.
189	Came for dessert after a big sumo stew.	Training here to open a zombie sumo stew shop.
190	If you're getting calories, make it fried chicken.	A plump zombie with soft, squishy skin.
191	Sharp as a knife, but sweet at heart.	Sweet at heart, but wants brains. A troubled teen.
192	About to begin the path of the clown.	Now has all the time needed to master clowning.
193	Getting laughs is a piece of cake.	Can't manage to laugh himself.
194	Laughing is the greatest joy in life!!	Hasn't forgotten how to laugh, even as a zombie.
195	Hauling boxes on autopilot again today.	"Piece of cake!" is his catchphrase.
196	About to make a big life mistake.	Worried he won't be able to hold down a cafe job.
197	This is make-or-break time.	Now he's finally popular!!
198	Never skips the cafe between recording sessions.	Never skips the cafe between recording sessions.
199	Sneaks in incognito to take a break and write songs.	Composing and serving customers have a lot in common.
200	Her hobby is collecting bad omens.	Hosts the sabbath. Wants to paint the cafe black.
201	I'm doing great!	Dreams of riding a deck brush.
202	Looks like an ordinary werewolf, but a little more dignified.	Inherited the throne, but his strength is the real deal.
203	So ultimate he sometimes turns into just a regular wolf.	A werewolf so amazing he might get a movie deal.
204	-	Even his family doesn't know he's the police chief.
205	A true leader never skips scouting the competition.	Eats customers to become the leader of this cafe.
206	He may be part-time, but he lives with pride.	Promoted from shift leader, but never made full-time.
207	Thinking of taking up boxing.	Took up boxing.
208	Graduated from a top university.	Super strong AND super smart.
209	Started worrying about the state of the nation.	So strong he doesn't even need to join the army.
210	-	Guess I'll just have to modify MYSELF!
213	-	Got bored of running a maid cafe and went back to basics.
214	An Eastern zombie. You can't see her face until the talisman comes off.	The mascot of the Eastern zombie world. Once got her own comic.
215	-	Your typical Eastern zombie who knows kung fu.
216	-	A zombie beauty is naturally a martial arts master.
217	After years of training, he opened a cafe.	After years of training, he opened a cafe.
218	-	The mascot of the Eastern zombie world. Once got her own comic.
219	-	An Eastern zombie beauty is naturally a martial arts master.
220	-	An Asian star who took the world by storm. Aiming for a comeback at the Zombie Cafe.
221	MASTER! I, WILL, DO MY BEST!	Maid Robot Mk-2, with upgraded service and more. Very polite.
223	Was so moved by Earth food he decided to invade.	Take me to your leader! I shall provide the finest service.
225	"Extra garlic" are the magic words.	Became a fan of strong flavors after turning.
226	Loves hunks and dipping noodles.	Developing a new zombie ramen for the menu.
227	Quit his office job to open a ramen shop.	Stopped being human halfway to his dream.
228	A popular racer obsessed with speed.	A racer who met a tragic end.
229	A popular race queen captivated by speed.	A race queen who met a tragic end.
230	At least his stamina is still championship-level.	Hard at work drilling his zombie apprentices.
231	That's what the convenience store clerk calls him.	Still a free spirit, even as a zombie.
232	A mustache and overalls are his formal wear.	Doesn't die no matter how high he falls from.
233	A master of old-fashioned street performance.	As a zombie, he can finally do really risky stunts.
234	Run for world peace! No rest for Red!	DYNAMITE FIRE KIIIIICK!
235	This right arm makes welding easy! Hi, I'm Blue, from R&D.	SCRAMBLE SCREW PUUUUNCH!
236	Yellow, the one who says "Let's grab a bite of that!"	DYNAMITE SUMO CHOOOOOP!
237	Don't say he should've been Black. Green is fine too!	MIRACLE BODY SLASHERRRR!
238	Even a robot's still a girl! The pink one for the dads at home.	COSMIC FINAL WIIIIINK!
239	Unknown	Unknown
240	Attends the ninja school by the train station.	Works at the cafe on weekends. Trains on weekdays.
241	Yes, fishnet tights existed even back then.	Ninja Art: "Unhand me, my lord!!"
242	I be middle management in the ninja world.	Mom, my presence is too faint to take orders.
243	Never ages. Less ninja magic, more like a mons-- GACK	Now she's a monst-- GACK
244	I be the third-generation ninja boss, I tell ya!	Now I'll finally surpass the second boss, I tell ya...
247	This Martian is both bodyguard and food procurer.	His ray gun is always on full power!
248	This Martian gives the orders.	Brainwashes you with monotonous speeches!
250	The head honcho of the Martians.	Often mistaken for an octopus.
251	Came in, dazzled by Earth's cafes.	Looks like seafood, so Earthlings often go after him.
253	One of the Four Ninja Lords! The Mighty Hare! (alias)	Her helmet gets sweaty. It's a problem.
254	One of the Four Ninja Lords! The Swift Vixen! (alias)	Rumor is her name is a hippie pun.
255	One of the Four Ninja Lords! The Diligent Dragon! (alias)	Kinda lacks personality compared to the others.
256	One of the Four Ninja Lords! The Lone Tipper! (alias)	Behold! The Ninja Art of Tip Storm!
257	A Venusian obsessed with Eastern culture.	A super alien who's a big hit with kids at the cafe.
258	Even as bones, he still gets hungry.	Can't even remember who he was in life.
259	Eating in armor is a real pain.	Rusting AND rotting. What a hassle.
260	Silver armor is antibacterial.	The armor is antibacterial. The inside is rotten.
261	A knight shining in gold. His prized armor is heavy and clunky.	As a zombie, the gold is just dead weight.
262	Legendary diamond armor with a legendary price tag.	Follow him and you might find a diamond or two!?
263	Heavy armor, light body.	Always the enemy in video games.
264	Just bones inside the armor.	A mid-level enemy, strength-wise.
265	Might have a cat living in his armor?	The kind of bones you find in the final dungeon.
266	Got his diamond armor from the Demon Lord.	Boss-class bones.
267	Actually doesn't know how to use a saw.	Ki-ki-ki-ki... ma-ma-ma-ma...
268	Spends weekends making zombie food with his prized knife.	The 14th is a Saturday.
269	Dreading the arrival of Monday again.	Commutes from the bottom of a lake every day.
270	Stands out during the day.	His hobby is prank calls.
271	Made his prized costume himself.	Hooked on quizzes lately.
272	Loves Halloween because he gets more friends.	Doesn't care about revenge anymore.
273	Deftly dodges fists of power. Getting a bit out of shape lately.	Takes opponents down fast, and eats them.
274	All about brute force. Getting a bit out of shape lately.	Even as a zombie, his prized afro hasn't faded.
275	Used to get stronger every time he lost. Now he's out of shape.	Now hunger is his greatest enemy.
276	Drills are my romance.	Couldn't make a living only working Fridays.
277	Believe it or not, he's not good at ice hockey.	Meant to go to New York, ended up in LA.
278	Mine's not a hockey mask, it's a jiggly face pack.	Keeps stumbling into shower scenes.
279	Actually a hunk under the mask.	Targets couples making out on their breaks.
280	Retired from sumo to become a "sports adventurer." Still figuring out what that is.	No match-fixing. He bites for real.
281	An undefeated jiu-jitsu master. Retired, but still itching for a fight.	The once-unbeatable man has been losing ever since he turned.
282	Keeps practicing, hoping something will shoot out of his hands.	Used to look for someone stronger. Now looks for someone tastier.
283	A neat freak who won't tolerate anything out of place.	Would rather eat brains in order than drink blood.
284	Rumored to be immortal and thousands of years old.	Wants to live free, but works at the cafe for the brains.
285	Hates mornings. Also hates nights, because he's sleepy.	Sunlight doesn't kill him anymore. More like he CAN'T die.
286	Evolved Franken Unit 1. Actually has a gentle heart.	Evolved Franken Unit 1, upgraded. A bit faster.
287	Evolved Franken Unit 2. Looking for love.	Evolved Franken Unit 2, upgraded. Well balanced.
288	Evolved Franken Unit 3. Searching for the doctor who made him.	Evolved Franken Unit 3, upgraded. Very strong.
289	Why did he leave on a journey? Only he knows.	A werewolf back home from a long journey.
290	What happened on his journey? Only he (?) knows.	Came home from a long journey with a slightly different vibe.
291	Made his debut at age 34.	Sings, dances, and spills brains.
292	His agency tried to steer him away from ballads.	Became a zombie on his agency's orders.
293	Hits the pachinko parlor starting Monday.	Now a zombie, he's aiming for center stage.
294	Putting this on changed his world.	Gives dreams, takes brains.
295	Not great at verbal communication.	When the suit comes off, so do the insides.
296	Here at this cafe on business.	Paid 200 grams an hour.
298	Self-conscious about ending every sentence with "baa."	Can't decide whether to live as a goat or a sheep.
299	Loves beef. Can't stand lamb.	Quit being a demon and switched careers to zombie.
300	Takes meticulous care of his horns.	Proud of his strength. Bad at math.
301	Came up from the underworld to win over human stomachs.	Came up from the underworld to win over human stomachs.
302	Inherited his golden armor from his father. A pain to polish.	A golden wolf knight. Believe it or not, he's one of the good guys.
303	A metal-coated, reinforced robot.	His joints have been rusting lately.
304	A demon obsessed with the East. Eastern, but a demon, not a yokai.	Gets to eat humans here, so working at the cafe is like a hobby.
305	Always forced to play the villain in shows.	The lone wolf of the mascot world, howling at the moon.
306	Afraid of fried chicken.	Nobody calls him chicken.
307	Came from a certain magical kingdom across the ocean.	Tired of working amusement parks.
308	Takes 5 hours every morning to curl her hair.	Worried her collection of points is about to expire.
309	None	None
