index,name,image_id,unlock_level,changed,cost_vanilla,cost_v11,servings_vanilla,servings_v11,pps_vanilla,pps_v11,cook_min_vanilla,cook_min_v11,xp_vanilla,xp_v11,profit_vanilla,profit_v11,profit_per_min_vanilla,profit_per_min_v11,xp_per_min_vanilla,xp_per_min_v11
0,Mystery Meat,28,1,True,8,4,12,12,1,1,2,2,1,1,4,8,2.0,4.0,0.5,0.5
1,Hobo Delight,26,1,True,30,5,20,20,2,2,5,5,2,2,10,35,2.0,7.0,0.4,0.4
2,Dishwater Soup,50,2,True,125,55,50,50,3,3,15,15,5,5,25,95,1.667,6.333,0.3333,0.3333
3,Leftunders,33,3,True,400,170,300,300,3,3,480,480,65,65,500,730,1.042,1.521,0.1354,0.1354
4,Green Eggs & Sam,19,3,True,280,280,180,180,2,3,60,60,15,15,80,260,1.333,4.333,0.25,0.25
5,Finger Sandwiches,12,3,False,1100,1100,650,650,3,3,1080,1080,90,90,850,850,0.787,0.787,0.0833,0.0833
6,Gello Mold,17,4,False,475,475,400,400,3,3,720,720,60,60,725,725,1.007,1.007,0.0833,0.0833
7,Toe Jam Sandwiches,42,4,False,190,190,100,100,3,3,90,90,20,20,110,110,1.222,1.222,0.2222,0.2222
8,Dough-Nots,7,4,True,235,70,220,260,2,2,180,180,25,25,205,450,1.139,2.5,0.1389,0.1389
9,Handburgers & Flies,24,5,True,310,90,320,375,2,2,300,300,45,45,330,660,1.1,2.2,0.15,0.15
10,Green-plate Special,20,5,True,300,230,115,120,3,3,30,30,12,12,45,130,1.5,4.333,0.4,0.4
11,Onion Wrongs,34,5,True,100,30,125,125,1,1,15,15,6,6,25,95,1.667,6.333,0.4,0.4
12,"Sloppy ""Joe""",36,6,True,1500,1500,850,900,3,3,1440,1440,95,95,1050,1200,0.729,0.833,0.066,0.066
13,Tumor Melts,43,6,False,2600,2600,1100,1100,4,4,2880,2880,160,160,1800,1800,0.625,0.625,0.0556,0.0556
14,Zomelets,46,6,True,300,300,190,200,2,2,60,60,20,20,80,100,1.333,1.667,0.3333,0.3333
15,Meat Lover Pizza,31,7,False,460,460,150,150,4,4,120,120,30,30,140,140,1.167,1.167,0.25,0.25
16,Pork 'n' Brains,35,7,True,650,560,430,475,3,3,660,660,70,70,640,865,0.97,1.311,0.1061,0.1061
17,Fetidccine,11,7,False,3200,3200,1900,1900,3,3,4320,4320,220,220,2500,2500,0.579,0.579,0.0509,0.0509
18,Mac & Fleas,29,8,True,380,110,400,475,2,2,360,360,55,55,420,840,1.167,2.333,0.1528,0.1528
19,Wormicelli,45,8,True,1800,900,900,600,3,3,1200,1200,90,90,900,900,0.75,0.75,0.075,0.075
20,Gnasty Gnocchi,18,9,True,475,475,375,425,3,3,840,840,80,80,650,800,0.774,0.952,0.0952,0.0952
21,Tiramiseeeww,41,9,False,250,250,120,120,3,3,90,90,30,30,110,110,1.222,1.222,0.3333,0.3333
22,Flied Lice,15,9,True,200,60,185,210,2,2,150,150,40,40,170,360,1.133,2.4,0.2667,0.2667
23,Wonton Goop,44,10,True,320,250,115,120,3,3,20,20,9,9,25,110,1.25,5.5,0.45,0.45
24,Curry Slurry,6,10,False,1100,1100,950,950,2,2,1080,1080,110,110,800,800,0.741,0.741,0.1019,0.1019
25,Bul-goo-gi,2,10,False,3000,3000,1100,1100,4,4,1920,1920,150,150,1400,1400,0.729,0.729,0.0781,0.0781
26,Misfortune Cookies,47,11,True,100,30,125,125,1,1,15,15,7,7,25,95,1.667,6.333,0.4667,0.4667
27,Faux Noodles,10,11,True,475,170,300,350,3,3,420,420,70,70,425,880,1.012,2.095,0.1667,0.1667
28,Ground Chuck,21,12,True,440,440,200,210,3,3,120,120,40,40,160,190,1.333,1.583,0.3333,0.3333
29,Burro-itos,3,12,True,650,650,650,700,2,2,720,720,90,90,650,750,0.903,1.042,0.125,0.125
30,Chili con Carney,4,13,True,30,5,40,20,1,1,5,5,5,5,10,15,2.0,3.0,1.0,1.0
31,Loco Tacos,5,13,True,265,260,350,350,1,1,60,60,30,30,85,90,1.417,1.5,0.5,0.5
32,Entrail-ladas,8,14,True,125,55,75,75,2,2,15,15,9,9,25,95,1.667,6.333,0.6,0.6
33,Guck-a-mole,22,14,True,300,130,650,750,1,1,300,300,55,55,350,620,1.167,2.067,0.1833,0.1833
34,Blood Pudding,1,15,True,1900,1900,850,900,3,3,1440,1440,120,120,650,800,0.451,0.556,0.0833,0.0833
35,Hag-Gus,23,15,False,220,220,100,100,3,3,90,90,35,35,80,80,0.889,0.889,0.3889,0.3889
36,Stake & Kidney Pies,38,16,True,415,410,300,325,3,3,720,720,95,95,485,565,0.674,0.785,0.1319,0.1319
37,Fishy Chips,14,16,True,300,70,220,250,2,2,180,180,40,40,140,430,0.778,2.389,0.2222,0.2222
38,Head Cheesesteak,25,17,False,385,385,140,140,3,3,30,30,15,15,35,35,1.167,1.167,0.5,0.5
39,Bangers & Mush,81,17,True,1400,1150,650,700,3,3,1080,1080,130,130,550,950,0.509,0.88,0.1204,0.1204
40,Lady Fingers,27,18,False,210,210,120,120,6,6,15,15,10,10,510,510,34.0,34.0,0.6667,0.6667
41,Foie Gross,16,18,True,1250,1000,300,325,6,6,480,480,85,85,550,950,1.146,1.979,0.1771,0.1771
42,Escargut,9,19,False,5500,5500,1100,1100,7,7,2880,2880,200,200,2200,2200,0.764,0.764,0.0694,0.0694
43,Stake Tar-Tar,39,19,True,1040,1000,150,150,8,11,120,120,45,45,160,650,1.333,5.417,0.375,0.375
44,Fileted Minion,13,20,True,1850,1850,430,450,6,6,720,720,110,110,730,850,1.014,1.181,0.1528,0.1528
45,Muscles Sprouts,32,20,True,750,750,220,220,5,10,300,300,65,65,350,1450,1.167,4.833,0.2167,0.2167
46,Anti Hero Sandwich,51,21,True,2500,2160,360,360,8,11,1200,1200,145,145,380,1800,0.317,1.5,0.1208,0.1208
47,Brine Shrimp Cocktail,52,22,False,600,600,120,120,6,6,60,60,40,40,120,120,2.0,2.0,0.6667,0.6667
48,Tofu Brain,53,7,False,650,650,200,200,4,4,120,120,50,50,150,150,1.25,1.25,0.4167,0.4167
49,Army Rations,54,8,True,290,290,210,220,2,2,60,60,25,25,130,150,2.167,2.5,0.4167,0.4167
50,Rot Dogs,55,6,True,250,220,165,165,2,2,45,45,14,14,80,110,1.778,2.444,0.3111,0.3111
51,Keblobs,56,9,True,400,400,300,325,3,3,480,480,75,75,500,575,1.042,1.198,0.1562,0.1562
52,Street Pizza,57,8,True,340,100,350,400,2,2,240,240,40,40,360,700,1.5,2.917,0.1667,0.1667
53,Jam on Toes,58,5,True,260,95,340,340,2,2,300,300,90,90,420,585,1.4,1.95,0.3,0.3
54,Net Prawn,59,24,True,1100,790,250,250,6,6,180,180,60,60,400,710,2.222,3.944,0.3333,0.3333
55,Haggis,60,5,True,250,250,260,275,2,2,120,120,50,50,270,300,2.25,2.5,0.4167,0.4167
56,Mice Pudding,61,25,False,220,220,150,150,6,6,15,15,15,15,680,680,45.333,45.333,1.0,1.0
57,Sandwitch,62,26,False,420,420,280,280,3,3,60,60,35,35,420,420,7.0,7.0,0.5833,0.5833
58,Caramel Adam's Apple,63,5,False,275,275,260,260,3,3,60,60,50,50,505,505,8.417,8.417,0.8333,0.8333
59,Roast Turk-key,64,12,True,410,275,415,450,2,2,240,240,40,40,420,625,1.75,2.604,0.1667,0.1667
60,Cremated Brulee,65,15,True,500,210,315,350,3,3,440,440,80,80,445,840,1.011,1.909,0.1818,0.1818
61,Snot Cross Buns,66,17,True,2800,1600,1100,800,4,4,1850,1850,140,140,1600,1600,0.865,0.865,0.0757,0.0757
62,Blood Shake,67,19,True,325,120,360,400,2,2,310,310,50,50,395,680,1.274,2.194,0.1613,0.1613
63,Fish Fingers,68,27,True,1600,1275,400,425,5,5,650,650,110,110,400,850,0.615,1.308,0.1692,0.1692
64,Cuss-Turd Tart,69,28,True,750,750,200,200,5,10,280,280,60,60,250,1250,0.893,4.464,0.2143,0.2143
65,Fruit Cake,70,29,True,4500,3300,900,600,7,11,2500,2500,180,180,1800,3300,0.72,1.32,0.072,0.072
66,Puking Duck,71,16,True,1500,1500,700,750,5,5,1100,1100,130,130,2000,2250,1.818,2.045,0.1182,0.1182
67,Leg Rolls,72,18,True,400,210,350,400,3,3,700,700,100,100,650,990,0.929,1.414,0.1429,0.1429
68,Lion's Head Meatballs,73,30,True,1260,890,320,350,6,6,470,470,85,85,660,1210,1.404,2.574,0.1809,0.1809
69,Torn-Up-Cake,74,31,True,315,120,240,270,3,3,180,180,45,45,405,690,2.25,3.833,0.25,0.25
70,Bleeding Hearts,75,32,True,3250,2250,1150,900,4,4,1900,1900,150,150,1350,1350,0.711,0.711,0.0789,0.0789
71,Ape-a-Teaser,76,19,True,500,210,315,350,3,3,440,440,80,80,445,840,1.011,1.909,0.1818,0.1818
72,Festering Hot Chocolate,77,20,True,800,800,400,425,5,5,460,460,150,150,1200,1325,2.609,2.88,0.3261,0.3261
73,Hunch-Back Roast,0,22,False,650,650,120,120,6,6,45,45,40,40,70,70,1.556,1.556,0.8889,0.8889
74,Rotten-Apple Pie,1,33,True,1500,1000,320,320,6,6,500,500,95,95,420,920,0.84,1.84,0.19,0.19
75,Tweet Loaf,2,34,True,350,240,240,240,6,6,200,200,45,45,1090,1200,5.45,6.0,0.225,0.225
76,Putrefied Clam Chowder,3,35,False,1200,1200,300,300,8,8,165,165,60,60,1200,1200,7.273,7.273,0.3636,0.3636
77,Ham and Sneeze Sandwich,4,36,True,450,200,300,325,4,4,400,400,75,75,750,1100,1.875,2.75,0.1875,0.1875
78,Chicken Fried Snake,5,37,True,850,850,500,550,5,5,500,500,200,200,1650,1900,3.3,3.8,0.4,0.4
79,Pigs in a Blanket,6,38,False,3000,3000,1100,1100,5,5,1850,1850,200,200,2500,2500,1.351,1.351,0.1081,0.1081
80,Shamrock Shake,7,11,False,2500,2500,1050,1050,4,4,1800,1800,150,150,1700,1700,0.944,0.944,0.0833,0.0833
81,Mourned Beef and Cabbage,8,14,False,3300,3300,1200,1200,4,4,1920,1920,145,145,1500,1500,0.781,0.781,0.0755,0.0755
82,Entropy Cassoulet,9,17,True,800,800,390,425,5,5,470,470,140,140,1150,1325,2.447,2.819,0.2979,0.2979
83,Quasar Coffee,10,21,True,1500,1500,700,750,5,5,1000,1000,140,140,2000,2250,2.0,2.25,0.14,0.14
84,String (Theory) Cheese,11,24,True,2500,1500,800,600,5,5,1000,1000,100,100,1500,1500,1.5,1.5,0.1,0.1
85,Dark Matter Loaf,12,25,True,800,800,410,450,6,6,450,450,150,150,1660,1900,3.689,4.222,0.3333,0.3333
86,Frozen T-Oort Cloud,13,13,True,1000,850,200,200,5,5,90,90,60,60,0,150,0.0,1.667,0.6667,0.6667
87,Khyber-Belt Kebabs,14,10,True,500,140,290,325,3,3,450,450,60,60,370,835,0.822,1.856,0.1333,0.1333
88,Plutonian Cider,15,39,True,500,500,500,550,5,5,800,800,100,100,2000,2250,2.5,2.812,0.125,0.125
89,Europan Sea Slugs,16,40,True,1500,1200,390,390,6,6,500,500,110,110,840,1140,1.68,2.28,0.22,0.22
90,Spaghettified Meat Balls,17,41,True,2200,1400,750,600,5,5,1000,1000,110,110,1550,1600,1.55,1.6,0.11,0.11
91,"Beeline Honey Glazed ""Ham""",18,7,False,550,550,500,500,3,3,400,400,110,110,950,950,2.375,2.375,0.275,0.275
92,Buffalo Wings,19,27,True,325,325,400,425,3,3,315,315,55,55,875,950,2.778,3.016,0.1746,0.1746
93,Cockroach Calzone,20,28,True,1945,1925,540,540,5,5,825,825,95,95,755,775,0.915,0.939,0.1152,0.1152
94,Deep Fried Bacon Wrapped Pizza,21,29,True,2730,1900,835,700,6,6,1050,1050,112,112,2280,2300,2.171,2.19,0.1067,0.1067
95,English Breakfast Pizza,22,30,True,865,630,450,475,4,4,350,350,65,65,935,1270,2.671,3.629,0.1857,0.1857
96,Head Cheese Pizza,23,31,False,1430,1430,625,625,5,5,1250,1250,56,56,1695,1695,1.356,1.356,0.0448,0.0448
97,Meatzza,24,32,True,525,210,425,475,3,3,350,350,55,55,750,1215,2.143,3.471,0.1571,0.1571
98,Peanut Butter & Jelly Pizza,25,42,True,610,460,576,625,3,3,720,720,35,35,1118,1415,1.553,1.965,0.0486,0.0486
99,Spoiled Sea Food Pizza,26,43,False,1230,1230,640,640,4,4,846,846,75,75,1330,1330,1.572,1.572,0.0887,0.0887
100,Vegan Pizza,27,44,True,2050,2050,720,750,5,5,975,975,95,95,1550,1700,1.59,1.744,0.0974,0.0974
101,Thorn Bread,35,33,False,2000,2000,650,650,5,5,950,950,85,85,1250,1250,1.316,1.316,0.0895,0.0895
102,Ox Tail,32,34,True,736,700,220,220,5,10,300,300,70,70,364,1500,1.213,5.0,0.2333,0.2333
103,Boiled Mystery Meat,28,35,False,235,235,165,165,6,6,18,18,65,65,755,755,41.944,41.944,3.6111,3.6111
104,Toe-Cooked Baked Beans,36,36,False,1875,1875,600,600,5,5,810,810,90,90,1125,1125,1.389,1.389,0.1111,0.1111
105,Coal-Slaw,29,37,True,532,530,550,600,5,5,800,800,95,95,2218,2470,2.772,3.087,0.1187,0.1187
106,Rotisserie Chicken,34,10,True,1366,1350,626,650,3,3,1000,1000,125,125,512,600,0.512,0.6,0.125,0.125
107,Grief Brisket,31,45,True,3850,3850,875,875,7,12,2000,2000,170,170,2275,6650,1.137,3.325,0.085,0.085
108,Rancid Pulled Pork,33,46,True,723,280,225,240,6,6,285,285,65,65,627,1160,2.2,4.07,0.2281,0.2281
109,Cracked Ribs,30,47,True,1492,1100,375,400,6,6,475,475,105,105,758,1300,1.596,2.737,0.2211,0.2211
110,Gruesome Gruel,37,23,True,2450,2100,355,350,8,11,1200,1200,145,145,390,1750,0.325,1.458,0.1208,0.1208
111,Thumb Pudding,38,26,True,3340,1800,1150,800,4,4,1900,1900,180,180,1260,1400,0.663,0.737,0.0947,0.0947
112,Vile Veal,39,34,True,425,425,550,600,5,5,800,800,80,80,2325,2575,2.906,3.219,0.1,0.1
113,Rabid Rabbit,40,17,False,1350,1350,650,650,4,4,1000,1000,130,130,1250,1250,1.25,1.25,0.13,0.13
114,Tainted Sparkling Water,41,23,True,285,280,150,150,6,6,15,15,20,20,615,620,41.0,41.333,1.3333,1.3333
115,Toxic Trifle,42,21,True,1050,1050,150,150,8,11,120,120,50,50,150,600,1.25,5.0,0.4167,0.4167
116,Stewed Ox Cheek,43,48,False,265,265,180,180,6,6,18,18,66,66,815,815,45.278,45.278,3.6667,3.6667
117,Torn Tripe,44,49,True,650,425,576,625,3,3,710,710,40,40,1078,1450,1.518,2.042,0.0563,0.0563
118,Broxy,45,50,True,2010,2010,670,700,6,6,935,935,85,85,2010,2190,2.15,2.342,0.0909,0.0909
119,Ew-Nagi,46,51,True,723,425,275,300,6,6,285,285,68,68,927,1375,3.253,4.825,0.2386,0.2386
120,Bento Brain Box,47,52,True,525,340,425,450,4,4,350,350,58,58,1175,1460,3.357,4.171,0.1657,0.1657
121,Roe Boat,48,53,False,1500,1500,730,730,5,5,1000,1000,145,145,2150,2150,2.15,2.15,0.145,0.145
122,Ghoul Cheese Pizza,49,15,True,500,450,315,240,3,5,440,120,80,22,445,750,1.011,6.25,0.1818,0.1833
123,Crunchy Crow Pizza,50,15,True,300,70,220,220,2,2,180,180,40,40,140,370,0.778,2.056,0.2222,0.2222
124,Red Eye Gratin,51,15,True,2800,700,400,400,3,3,315,315,55,55,-1600,500,-5.079,1.587,0.1746,0.1746
125,Brain Rattail Pizza,52,15,True,415,700,300,380,3,5,720,480,95,63,485,1200,0.674,2.5,0.1319,0.1313
126,Leech Ball Pizza,53,15,True,300,500,220,250,2,5,180,240,40,53,140,750,0.778,3.125,0.2222,0.2208
127,Cheesey Bake Tongue,54,15,True,385,200,140,60,3,6,30,15,15,8,35,160,1.167,10.667,0.5,0.5333
128,Brain & Grease Pizza,55,15,True,1400,850,650,480,3,6,1080,720,130,87,550,2030,0.509,2.819,0.1204,0.1208
129,Lavaian Maggot Pizza,56,15,False,210,210,120,120,6,6,15,15,10,10,510,510,34.0,34.0,0.6667,0.6667
130,Slug Lime Pizza,57,15,True,1250,2600,300,1100,6,8,480,1800,85,319,550,6200,1.146,3.444,0.1771,0.1772
131,Kidney Pie,58,54,True,1500,1500,750,800,6,6,1000,1000,124,124,3000,3300,3.0,3.3,0.124,0.124
132,Piranha Stew,59,55,False,2900,2900,1420,1420,5,5,1700,1700,188,188,4200,4200,2.471,2.471,0.1106,0.1106
133,Roasted Scorpion King,60,56,False,700,700,300,300,7,7,645,645,88,88,1400,1400,2.171,2.171,0.1364,0.1364
134,Alfred and Pesto,61,16,True,300,70,220,220,2,2,180,180,40,40,140,370,0.778,2.056,0.2222,0.2222
135,Sneeze Disease Pizza,62,16,True,450,100,350,350,2,2,240,240,40,40,250,600,1.042,2.5,0.1667,0.1667
136,Reformed Burger,63,16,True,800,600,400,290,4,5,660,180,130,35,800,850,1.212,4.722,0.197,0.1944
137,Donkey Dog,64,16,True,500,450,315,245,3,5,440,120,80,22,445,775,1.011,6.458,0.1818,0.1833
138,Grilled Foot n' Mouth,65,16,True,220,250,100,75,3,6,90,30,35,12,80,200,0.889,6.667,0.3889,0.4
139,Jerk Elephant Skewers,66,16,True,415,900,300,440,3,6,720,600,95,79,485,1740,0.674,2.9,0.1319,0.1317
140,Smoked Choppa,67,16,True,300,450,220,90,2,14,180,120,40,27,140,810,0.778,6.75,0.2222,0.225
141,Body Builder Burger,68,16,True,385,2200,140,850,3,8,30,1440,15,720,35,4600,1.167,3.194,0.5,0.5
142,Toads & Tofu,69,57,True,1500,1500,750,800,6,6,1000,1000,124,124,3000,3300,3.0,3.3,0.124,0.124
143,Vamp Burger,70,58,False,2900,2900,1420,1420,5,5,1700,1700,188,188,4200,4200,2.471,2.471,0.1106,0.1106
144,Scissors Salad,71,59,True,700,550,300,300,2,2,645,645,88,88,-100,50,-0.155,0.078,0.1364,0.1364
145,Guts N' Guacamole,72,5,True,150,125,200,65,1,4,20,15,10,8,50,135,2.5,9.0,0.5,0.5333
146,Batty Burritos,73,5,True,200,250,175,175,2,4,40,90,15,34,150,450,3.75,5.0,0.375,0.3778
147,Bread Of The Dead,74,5,True,250,450,225,290,2,5,90,480,40,213,200,1000,2.222,2.083,0.4444,0.4437
148,Time Bomb Tamales,75,5,True,300,275,220,165,3,5,180,66,65,24,360,550,2.0,8.333,0.3611,0.3636
149,Sugar Skulls,76,5,True,225,200,100,65,4,8,45,45,25,25,175,320,3.889,7.111,0.5556,0.5556
150,Fried Finger Fajitas,77,5,True,550,700,450,380,3,6,360,720,100,200,800,1580,2.222,2.194,0.2778,0.2778
151,Leperoni Pizza,78,60,False,1220,1220,600,600,4,4,860,860,135,135,1180,1180,1.372,1.372,0.157,0.157
152,Meatish Sweetballs,79,61,True,950,690,650,650,3,3,700,700,108,108,1000,1260,1.429,1.8,0.1543,0.1543
153,Riga Tony,80,62,False,2075,2075,830,830,5,5,1200,1200,155,155,2075,2075,1.729,1.729,0.1292,0.1292
154,Swampish Mousse,78,63,True,2250,2000,850,750,3,4,1260,1260,170,170,300,1000,0.238,0.794,0.1349,0.1349
155,Sluggish Eclair,79,64,True,1530,1530,735,750,4,4,1045,1045,126,126,1410,1470,1.349,1.407,0.1206,0.1206
156,Hash Clown,80,65,True,1875,1575,550,575,6,6,735,735,100,100,1425,1875,1.939,2.551,0.1361,0.1361
157,Quick Stir-fly,81,8,True,580,270,500,525,2,2,420,420,62,62,420,780,1.0,1.857,0.1476,0.1476
158,Bread & Brains Spread,82,11,True,360,210,250,250,3,3,500,500,55,55,390,540,0.78,1.08,0.11,0.11
159,Beetle in Beetroot Sauce,83,14,True,670,670,680,700,2,2,600,600,90,90,690,730,1.15,1.217,0.15,0.15
160,Spiderello,84,18,True,850,850,480,500,4,4,350,350,85,85,1070,1150,3.057,3.286,0.2429,0.2429
161,Fried Snakeroll,85,20,False,1000,1000,400,400,5,5,600,600,88,88,1000,1000,1.667,1.667,0.1467,0.1467
162,Jumble Eye-ah,86,24,False,1230,1230,645,645,4,4,720,720,100,100,1350,1350,1.875,1.875,0.1389,0.1389
163,Garden Gnome Salad,87,66,True,1340,1050,700,700,4,4,450,450,105,105,1460,1750,3.244,3.889,0.2333,0.2333
164,Fetid Djinni,88,67,True,1670,1670,685,700,5,5,800,800,150,150,1755,1830,2.194,2.288,0.1875,0.1875
165,Verminestroni,89,68,True,1915,1900,555,550,7,12,960,960,160,160,1970,4700,2.052,4.896,0.1667,0.1667
166,Wiccan Nuggets,90,69,False,1420,1420,950,950,3,3,600,600,120,120,1430,1430,2.383,2.383,0.2,0.2
167,Voodoo Fondue,91,70,True,1815,1800,720,750,5,5,860,860,145,145,1785,1950,2.076,2.267,0.1686,0.1686
168,Eyestir Sauce Noodles,92,71,True,2170,2160,580,580,8,12,1320,1320,162,162,2470,4800,1.871,3.636,0.1227,0.1227
169,Leech Melba,93,26,True,650,650,320,325,5,5,240,240,50,50,950,975,3.958,4.062,0.2083,0.2083
170,Nukes'n Puke,94,27,False,840,840,500,500,4,4,480,480,75,75,1160,1160,2.417,2.417,0.1562,0.1562
171,Knuckle Sandwich,95,28,True,915,910,330,330,6,6,520,520,82,82,1065,1070,2.048,2.058,0.1577,0.1577
172,Druid's Juice,96,8,True,220,250,265,175,2,4,150,120,22,18,310,450,2.067,3.75,0.1467,0.15
173,Hydrapanic Salad,97,8,True,315,350,350,230,2,4,190,240,27,34,385,570,2.026,2.375,0.1421,0.1417
174,Helm & Cheese,98,8,True,445,550,360,330,3,5,225,480,40,85,635,1100,2.822,2.292,0.1778,0.1771
175,Unicorn Chowder,99,8,True,540,650,375,375,3,6,280,720,45,116,585,1600,2.089,2.222,0.1607,0.1611
176,Dragon Soup,100,8,True,615,1100,420,500,3,7,360,960,60,160,645,2400,1.792,2.5,0.1667,0.1667
177,Holy Gauntlet Pottage,101,8,True,680,1400,480,660,3,7,400,1440,65,234,760,3220,1.9,2.236,0.1625,0.1625
178,Crimonade Can,102,72,True,1755,1750,900,900,4,4,880,880,152,152,1845,1850,2.097,2.102,0.1727,0.1727
179,Orc Steak,103,73,True,1580,1000,1080,900,3,3,580,580,123,123,1660,1700,2.862,2.931,0.2121,0.2121
180,Mandragora Dip,104,74,True,2375,2350,695,700,7,12,1220,1220,168,168,2490,6050,2.041,4.959,0.1377,0.1377
181,Eyeberry Jelly,105,11,False,580,580,385,385,3,3,620,620,80,80,575,575,0.927,0.927,0.129,0.129
182,Red Dragon,106,11,False,2250,2250,950,950,4,4,1200,1200,140,140,1550,1550,1.292,1.292,0.1167,0.1167
183,Plundered Blowfish,107,11,True,740,800,530,440,3,5,280,480,70,120,850,1400,3.036,2.917,0.25,0.25
184,Oyster Pearls,108,11,True,635,300,445,85,3,12,240,120,85,43,700,720,2.917,6.0,0.3542,0.3583
185,Jelly Roger Custard,109,11,True,410,400,505,230,2,5,180,180,65,65,600,750,3.333,4.167,0.3611,0.3611
186,Molar Breakers,110,11,True,860,450,440,225,4,6,330,90,90,25,900,900,2.727,10.0,0.2727,0.2778
187,Shark Tooth Dullers,111,11,True,935,950,495,520,4,6,385,720,95,178,1045,2170,2.714,3.014,0.2468,0.2472
188,Killer Squid,112,11,True,1005,1600,520,600,4,9,500,1440,100,288,1075,3800,2.15,2.639,0.2,0.2
189,Snake-Snacks,113,75,False,1840,1840,755,755,5,5,900,900,155,155,1935,1935,2.15,2.15,0.1722,0.1722
190,Greasy Grizzly,114,76,True,2215,1600,800,700,6,6,1160,1160,167,167,2585,2600,2.228,2.241,0.144,0.144
191,Elephant Toe Jam,115,77,True,3055,3050,860,850,8,14,1440,1440,195,195,3825,8850,2.656,6.146,0.1354,0.1354
192,Vampire Ash Browns,116,13,True,140,750,120,400,3,6,240,480,50,100,220,1650,0.917,3.438,0.2083,0.2083
193,Staked Steak,117,13,True,200,200,110,60,2,6,15,15,40,40,20,160,1.333,10.667,2.6667,2.6667
194,Nosfera-Stew,118,13,True,200,1000,450,575,1,6,100,720,20,144,250,2450,2.5,3.403,0.2,0.2
195,Bat BQ,119,13,True,210,425,145,215,3,6,220,120,45,25,225,865,1.023,7.208,0.2045,0.2083
196,Heart Dog on a Stake,120,13,True,225,325,250,60,2,14,180,90,35,18,275,515,1.528,5.722,0.1944,0.2
197,Garlic Choke,121,13,True,500,3000,300,750,1,12,450,2160,30,144,-200,6000,-0.444,2.778,0.0667,0.0667
198,Crucy Fries,125,78,True,835,290,580,580,3,3,360,360,80,80,905,1450,2.514,4.028,0.2222,0.2222
199,Eye Pop Candy,126,79,True,600,200,1215,1215,1,1,180,180,100,100,615,1015,3.417,5.639,0.5556,0.5556
200,Crypt Cake,124,80,True,780,250,750,750,2,2,420,420,75,75,720,1250,1.714,2.976,0.1786,0.1786
201,Fish Bones & Gold Chips,127,12,False,925,925,505,505,4,4,315,315,80,80,1095,1095,3.476,3.476,0.254,0.254
202,Chili Chili Bang Bang,128,12,False,1425,1425,610,610,5,5,440,440,95,95,1625,1625,3.693,3.693,0.2159,0.2159
203,Blueberry Fangcake,139,13,False,2600,2600,700,700,6,6,600,600,105,105,1600,1600,2.667,2.667,0.175,0.175
204,Dracooler,138,13,False,1350,1350,250,250,6,6,90,90,65,65,150,150,1.667,1.667,0.7222,0.7222
205,Fireball Spaghetti,129,14,True,250,300,265,145,2,6,100,90,44,40,280,570,2.8,6.333,0.44,0.4444
206,Zap Bar,130,14,True,150,200,200,95,2,5,60,30,32,16,250,275,4.167,9.167,0.5333,0.5333
207,Super Fruit Punch,131,14,True,405,400,295,295,3,3,15,15,12,12,480,485,32.0,32.333,0.8,0.8
208,Orion Soup,132,14,True,400,400,285,165,3,6,200,120,68,41,455,590,2.275,4.917,0.34,0.3417
209,Green Belt Peppers,133,14,True,430,250,235,65,4,12,245,60,75,18,510,530,2.082,8.833,0.3061,0.3
210,Reactor Burger,134,14,True,700,1100,290,480,4,7,450,480,80,85,460,2260,1.022,4.708,0.1778,0.1771
211,Tropical Coco Brain,135,81,False,2820,2820,720,720,7,7,840,840,205,205,2220,2220,2.643,2.643,0.244,0.244
212,Cali Snail Rolls,136,82,True,3295,3200,820,800,8,14,1200,1200,218,218,3265,8000,2.721,6.667,0.1817,0.1817
213,Croccoli Soup,137,83,True,3640,3600,900,900,9,16,1560,1560,232,232,4460,10800,2.859,6.923,0.1487,0.1487
214,Brain Washer Soup,143,14,False,600,600,600,600,2,2,20,20,18,18,600,600,30.0,30.0,0.9,0.9
215,Nuke Fondue,144,14,False,1800,1800,975,975,4,4,1080,1080,110,110,2100,2100,1.944,1.944,0.1019,0.1019
