# Character names, JP -> EN (part 2)
奥州の武者	Oshu Warrior
甲斐の武者	Kai Warrior
落ち武者	Fallen Samurai
伝説の剣士	Legendary Swordsman
一流の剣士	Master Swordsman
最上の剣士	Supreme Swordsman
剣士	Swordsman
闇夜の魔女	Witch of the Dark Night
月夜の魔女	Witch of the Moonlit Night
満月の魔女	Witch of the Full Moon
新月の魔女	Witch of the New Moon
快速	Rapid Train
急行	Express Train
特急	Limited Express
鈍行	Local Train
ありす	Alice
女王様	Queen
むしゃシェフ	Samurai Chef
むしゃ店員Ａ	Samurai Staff A
むしゃ店員Ｂ	Samurai Staff B
剣士シェフ	Swordsman Chef
剣士店員Ａ	Swordsman Staff A
剣士店員Ｂ	Swordsman Staff B
魔女シェフ	Witch Chef
魔女店員Ａ	Witch Staff A
魔女店員Ｂ	Witch Staff B
電車シェフ	Train Chef
電車店員Ａ	Train Staff A
電車店員Ｂ	Train Staff B
女王様シェフ	Queen Chef
新米メイド	Rookie Maid
うさぎのありす	Bunny Alice
ぱんだシスター長女	Panda Big Sister
ぱんだブラザー長男	Panda Big Brother
ぱんだ双子・姉	Panda Twin (Older)
ぱんだ双子・妹	Panda Twin (Younger)
超八戒	Super Pigsy
孫悟食	Sun Wukong the Glutton
詐悟浄	Sandy the Swindler
三憎法師	Monk Tripitaka the Spiteful
牛魔嘔	Bull Demon Barf
阿修ラー	Ashura-A
阿修リー	Ashura-I
阿修ルー	Ashura-U
阿修レー	Ashura-E
アラデン	Aladdeen
ジャスメン	Jasmen
ランプおやじ	Lamp Geezer
一般人アラブー	Average Arabian
ぱんだシェフ	Panda Chef
ぱんだ店員Ａ	Panda Staff A
ぱんだ店員Ｂ	Panda Staff B
西遊記シェフ	Journey West Chef
西遊記店員Ａ	Journey West Staff A
西遊記店員Ｂ	Journey West Staff B
あしゅらシェフ	Ashura Chef
あしゅら店員Ａ	Ashura Staff A
あしゅら店員Ｂ	Ashura Staff B
ランプシェフ	Lamp Chef
ランプ店員Ａ	Lamp Staff A
ランプ店員Ｂ	Lamp Staff B
ちょい強化ハト	Slightly Buff Pigeon
強化ハト	Buff Pigeon
超強化ハト	Super Buff Pigeon
極強化ハト	Ultra Buff Pigeon
ひとりシシマイ	Solo Lion Dancer
あかなまはげ	Red Namahage
あおなまはげ	Blue Namahage
シシカフェ店員	Lion Cafe Staff
海・賊夫	Pirate Pete
海・賊之助	Pirate Piet
海・賊子	Pirate Petra
海賊リーマン	Pirate Salaryman
ツケマ・インビジボー	Lashes Invisibo
ウェスタン・インビジボー	Western Invisibo
謎解き屋インビジボー	Riddler Invisibo
NOセンス・インビジボー	No-Sense Invisibo
幕の内松	Makunouchi Pine
幕の内竹	Makunouchi Bamboo
幕の内梅	Makunouchi Plum
悪の新婦	Wicked Bride
殺の新婦	Killer Bride
呪の新婦	Cursed Bride
獅子舞シェフ	Lion Dance Chef
獅子舞店員Ａ	Lion Dance Staff A
獅子舞店員Ｂ	Lion Dance Staff B
パイレーツシェフ	Pirate Chef
パイレーツ店員Ａ	Pirate Staff A
パイレーツ店員Ｂ	Pirate Staff B
透明ミイラシェフ	Invisible Mummy Chef
透明ミイラ店員Ａ	Invisible Mummy Staff A
透明ミイラ店員Ｂ	Invisible Mummy Staff B
幕野幕之内	Makuno Makunouchi
シュリンプブライド	Shrimp Bride
メイドロイド	Maidroid
モーホック	Mo-Hawk
歌舞伎シェフ	Kabuki Chef
歌舞伎店員Ａ	Kabuki Staff A
歌舞伎店員Ｂ	Kabuki Staff B
シシマイ師匠	Lion Dance Master
どろっしー	Dorothy
ブリブリブリキ	Tin-Tin Tin Man
脳無しカカッシー	Brainless Scarecrow
らいおん丸	Lionmaru
ファラオ・ザ・グレート	Pharaoh the Great
エル・アヌビス	El Anubis
ミス・パトラ	Miss Patra
ドクトル・ネムティ	Doktor Nemty
フランス浴衣女子	French Yukata Girl
日本浴衣女子	Japanese Yukata Girl
アメリカ浴衣女子	American Yukata Girl
フランケンの愛人	Frankenstein's Sweetheart
参謀ピンキートンキー	Strategist Pinky Tonky
工兵ボストンダック	Engineer Boston Duck
司令レッドフォックス	Commander Red Fox
二等兵レッドボックス	Private Red Box
オズシェフ	Oz Chef
オズ店員Ａ	Oz Staff A
オズ店員Ｂ	Oz Staff B
エジプトシェフ	Egypt Chef
エジプト店員Ａ	Egypt Staff A
エジプト店員Ｂ	Egypt Staff B
ゆかたシェフ	Yukata Chef
ゆかた店員Ａ	Yukata Staff A
ゆかた店員Ｂ	Yukata Staff B
ロボシェフ	Robo Chef
ロボ店員Ａ	Robo Staff A
ロボ店員Ｂ	Robo Staff B
フラワーテイル	Flower Tail
らふれしあん	Rafflesian
生えたてじいさん	Sprouted Grandpa
夏祭り女子	Summer Festival Girl
浮遊霊子	Floaty Ghost Girl
ゆうしゃ	Hero
そうりょ	Priest
まほうつかい	Mage
にせゆうしゃ	Fake Hero
サキュバス	Succubus
セイレーン	Siren
ハーピー	Harpy
コケコーン	Cock-a-Doodle-Corn
勇者シェフ	Hero Chef
僧侶店員Ｂ	Priest Staff B
魔法使い店員Ｂ	Mage Staff B
サキュバスシェフ	Succubus Chef
セイレーン店員Ａ	Siren Staff A
ハーピー店員Ｂ	Harpy Staff B
レディナイト	Lady Knight
ヴァルキリー	Valkyrie
アマゾネス	Amazon
オシャレナイト	Fashion Knight
オスカーさん	Oscar
アンドーさん	Andre
マリーさん	Marie
そこらへんの貴族	Some Random Noble
ジュラファン	Jurafan
アルパッチョ	Alpaccio
ゴリラップ	Gorillap
ミスターベースボール	Mister Baseball
ヴァルキリーシェフ	Valkyrie Chef
ヴァルキリー店員Ａ	Valkyrie Staff A
ヴァルキリー店員Ｂ	Valkyrie Staff B
フランスシェフ	French Chef
フランス店員Ａ	French Staff A
フランス店員Ｂ	French Staff B
動物マスコットシェフ	Animal Mascot Chef
動物マスコット店員Ａ	Animal Mascot Staff A
動物マスコット店員Ｂ	Animal Mascot Staff B
サイコラビットシェフ	Psycho Rabbit Chef
ちょい強化ハトシェフ	Slightly Buff Pigeon Chef
サンジェルマン伯爵シェフ	Count St. Germain Chef
ホッケーマスクＦＲIシェフ	Hockey Mask FRI Chef
ありすシェフ	Alice Chef
どろいどっこ４．０	Droidling 4.0
どろいどっこ４．３	Droidling 4.3
ゾンビ船船長	Zombie Ship Captain
ゾンビ船補佐官	Zombie Ship First Mate
ULTRAゾンビ	ULTRA Zombie
セイビングマン	Saving Man
モン女フランケン科	Monster High Franken Class
吸血ヶ台学園	Vampire Heights Academy
モン女ホッケー科	Monster High Hockey Class
とらとらとら	Tora Tora Tora
チェイソン	Chainson
ひみこっち	Himiko-chan
縄文式ゾンビ	Jomon-Style Zombie
弥生式ゾンビ	Yayoi-Style Zombie
大和式ゾンビ	Yamato-Style Zombie
ドキ土器ピエロ	Doki Clay Clown
ドキ土器カフェクルー	Doki Clay Cafe Crew
ドキ土器ヒロイン	Doki Clay Heroine
特攻式ハニワ	Kamikaze Haniwa
隊員シェフ	Crew Chef
隊員店員Ａ	Crew Staff A
隊員店員Ｂ	Crew Staff B
せいふくシェフ	Uniform Chef
せいふく店員Ａ	Uniform Staff A
せいふく店員Ｂ	Uniform Staff B
はにわシェフ	Haniwa Chef
はにわ店員Ａ	Haniwa Staff A
はにわ店員Ｂ	Haniwa Staff B
にゃんこぱんつ	Kitty Pants
骨ボーイ	Bone Boy
かぼちゃTUX	Pumpkin TUX
かぼちゃMAID	Pumpkin MAID
かぼちゃNURSE	Pumpkin NURSE
かぼちゃSAT	Pumpkin SWAT
小魔女王	Little Witch Queen
蕎麦屋の大将	Soba Shop Boss
中華屋女子ハン	Chinese Diner Girl Han
蕎麦屋の弟子	Soba Shop Apprentice
蕎麦屋の周さん	Mr. Zhou of the Soba Shop
中華屋女子ソン	Chinese Diner Girl Song
中華屋女子ミン	Chinese Diner Girl Min
猫少女	Cat Girl
狐っ子	Fox Kid
兎のミミ	Mimi the Bunny
ニャーゴ	Meowgo
ナマネコ	Namaneko
にゃん護婦	Nyurse
メイドFOX	Maid FOX
中華屋うさぎ	Chinese Diner Bunny
ファースト	First Base
セカンド	Second Base
センター	Center Field
レフト	Left Field
ライト	Right Field
監督兼サード	Manager & Third Base
ピッチャー	Pitcher
キャッチャー	Catcher
ショート	Shortstop
ご当地キリン	Local Mascot Giraffe
浮遊レイ	Floaty Rei
新米メイド二代目	Rookie Maid II
クルーチェインソー	Crew Chainsaw
ダミーデータ	Dummy Data
出前シェフ	Delivery Chef
出前店員Ａ	Delivery Staff A
出前店員Ｂ	Delivery Staff B
ねこみみシェフ	Cat Ears Chef
ねこみみ店員Ａ	Cat Ears Staff A
ねこみみ店員Ｂ	Cat Ears Staff B
野球シェフ	Baseball Chef
野球店員Ａ	Baseball Staff A
野球店員Ｂ	Baseball Staff B
二丁目の幽霊シェフ	Block 2 Ghost Chef
はとファイター	Pigeon Fighter
ありすうさぎっこ	Alice Bunny Girl
アリッサム	Alyssum
生えたてアフロ	Sprouted Afro
ティラ	Tyra
プテドン	Pteradon
トリプス	Tricey
サーベル	Saber
ティラ鉄	Tyra Rail
囚人サーベル	Convict Saber
恐竜シェフ赤	Dino Chef Red
恐竜店員赤	Dino Staff Red
恐竜店員緑	Dino Staff Green
恐竜シェフ青	Dino Chef Blue
恐竜店員青	Dino Staff Blue
恐竜店員黄	Dino Staff Yellow
サバイバルレア１	Survival Rare 1
サバイバルレア2	Survival Rare 2
バラの妖精てき	Rose Fairy (Enemy)
ペンギンてき	Penguin (Enemy)
ラメエル	Ramiel
ガブリエル	Gabriel
ウリエル	Uriel
ルサルカ	Rusalka
ろあ	Roa
ラムエル	Rameel
ナレル	Narel
デス学園男子	Death Academy Boy
ハンター学園男子	Hunter Academy Boy
不死身高校男子	Undying High Boy
不死身高校OB	Undying High Alumnus
インブル高校男子	Invisi-High Boy
狼男店員	Wolfman Staff
包帯店員	Bandage Staff
ゆかいなゾウ	Jolly Elephant
すまいるシマ	Smiley Zebra
おとぼけセイウチ	Goofy Walrus
ねむねむサイ	Sleepy Rhino
サイの剣士	Rhino Swordsman
雪だれまん	Snow Droopman
ベル・ホワイティ	Belle Whitey
マシュマロ・スノー	Marshmallow Snow
パンダ・ホワイティ	Panda Whitey
ミス・サンタ	Miss Santa
ミスター・サンタボーン	Mister Santabone
BlackBake2	BlackBake2
ホワイト女王	White Queen
たまご紳士	Egg Gentleman
ホワイトうさぎ	White Rabbit
おしゃれ帽子野郎	Dapper Hatter
ネコ電	Cat Train
チェシャー	Cheshire
レッド女王	Red Queen
不思議なアリス	Wonder Alice
シスターさん	Sister
シスGUN	Sister GUN
和洋シスター	Fusion Sister
ジャバ・ヴァレンタイン	Jabba Valentine
シシ剣士	Lion Swordsman
冠お象	Crowned Elephant
しまさん	Mr. Stripes
せいうち君	Walrus Kid
困ったサイさん	Troubled Rhino
シマ女子高生	Zebra Schoolgirl
ぞうシェフ	Elephant Chef
しまうま店員	Zebra Staff
せいうち店員	Walrus Staff
シスターシェフ	Sister Chef
シスター店員	Sister Staff
ぞうシェフ2	Elephant Chef 2
しまうま店員2	Zebra Staff 2
せいうち店員2	Walrus Staff 2
雪シェフ	Snow Chef
雪店員1	Snow Staff 1
雪店員2	Snow Staff 2
半魚会長ゆい	Fishfolk President Yui
半魚会計ひな	Fishfolk Treasurer Hina
半魚書記レオ	Fishfolk Secretary Leo
半ギョのレイ	Half-Fish Rei
晴着アリッサム	Kimono Alyssum
晴着テイル	Kimono Tail
晴着ラフレシアン	Kimono Rafflesian
晴着ミミ	Kimono Mimi
いえってぃー	Yeti-chan
ホワイトゴリラ	White Gorilla
しろー・くま	Polar Bear-o
ゴリッ船長	Captain Gorilla
半漁シェフ	Fishfolk Chef
半漁店員1	Fishfolk Staff 1
半漁店員2	Fishfolk Staff 2
UMAシェフ	Cryptid Chef
UMA店員1	Cryptid Staff 1
UMA店員2	Cryptid Staff 2
巫女ムーン	Shrine Maiden Moon
