# Furniture names/descriptions, JP -> EN. EN-game description copied verbatim where the item exists in EN.
アンプル：さぼりにくさ+10	Ampoule: Diligence +10
アンプル：さぼりにくさ+20	Ampoule: Diligence +20
アンプル：さぼりにくさ+30	Ampoule: Diligence +30
味も素っ気もない普通のイスだ。	Just a regular ol' chair.
薄型TVで客の目を釘付け。店の評価も上がりやすくなるぞ。	Entertain your customers with this flatscreen TV. Also gives a rating bonus.
「＄」マークが出たらタップして売上を回収しよう。	When the "$" icon appears, tap it to collect the earnings.
ATMで現金収入。満タンになったら取り出そう。	This ATM accumulates money over time and must be emptied when it's full.
味も素っ気もない普通のコンロ。	Just a regular ol' stove.
味も素っ気もない普通のシンク。	Just a regular ol' sink.
味も素っ気もない普通の冷蔵庫。	Just a regular ol' fridge.
味も素っ気もない普通のイス。	Just a regular ol' chair.
味も素っ気もない地味な壁。	Just a plain ol' wall.
味も素っ気もない普通のタイル床。	Just a regular ol' tile floor.
普通のイスだが、店の評価が上がりやすくなるボーナス付き。	Just a regular ol' chair, but it comes with a rating bonus.
四角い客を丸くするテーブル。	Don't be a square! Get a round table.
オヤジ好みの渋いイス。	This chair is cool, daddy-o.
パーテーションで店の模様替え。	Use this room divider to organize your restaurant.
ゾンビっぽい雰囲気の店には必須のスチール製の窓。	This steel window is just what your restaurant needs in the midst of this zombipocalypse.
レトロな床を気に入るはず。	Dig this retro-looking floor.
この新品のコンロがあれば、店の評価が上がりやすくなる。	This attractive new stove will give your cafe a rating bonus.
しゃれたネオンで、店の評価もさらにアップ。	This classy-looking neon sign comes with a rating bonus.
イタリア製のテーブル。	A table straight from Italy.
この格子模様のパーテーションで、店の模様替え。	Spruce up your restaurant with this lattice divider.
便利な壁掛けランプ。	A handy wall lamp.
料理で汚したくない程、オシャレすぎるテーブル。	A table too stylish to get food on.
ゾンビ工学に基づいたお手本のようなイス。	A model chair built on zombie ergonomics.
紙製の照明。火事にはならないから安心していいぞ。	A paper lamp. Surprisingly enough, it never catches fire.
観賞用で食べることはできない。店の評価が上がりやすくなる。	These fish are for watching, not for eating. But they give a rating bonus.
このオシャレなテーブルを置けば、店の評価が上がりやすくなる。	This stylish table will give your cafe a rating bonus.
ゾンビ工学に基づいたお手本のようなイス。店の評価が少し上がりやすくなる。	A model chair built on zombie ergonomics. Gives a small rating bonus.
エキゾチックな水槽。店の評価が上がりやすくなる。	Why have a regular fish tank, when you can go exotic? Also gives a rating bonus.
このカッコいいポスターを貼れば、店の評価が上がりやすくなる。	Hang this cool poster for a rating bonus.
ゾンビの店に歴史あるボンサイという芸術。	The time-honored art of bonsai, now in a zombie cafe.
スタイリッシュで機能的。	Stylish and functional.
スタイリッシュなのに、座り心地も抜群。	Stylish, and comfy too.
このカッコいいイスを置いて店をクールに仕上げよう。	Give your cafe some cool with this sharp-looking chair.
この木製パネル壁で、田舎の雰囲気を演出。	This wood paneling will give your restaurant some rustic appeal.
スロットマシンで現金収入。満タンになったら、忘れずに回収しよう。(注意)この商品は１つしか所持できません。	Earn cash from this slot machine. Empty it when it's full. (Limit: 1)
スロットマシンで現金収入。満タンになったら、忘れずに回収しよう。	Earn some cold, hard cash from this slot machine. Just make sure you empty it when it's full.
このオシャレなテーブルを置けば、店の評価が少し上がりやすくなる。	This stylish table will give your cafe a small rating bonus.
このオシャレなイスを置けば、店の評価が少し上がりやすくなる。	This stylish chair will give your cafe a small rating bonus.
色付きカーテンの付いた大きな窓。	A large window with colorful curtains.
スタイリッシュで機能的なバーカウンター。	A stylish and functional bar counter.
客は酒を眺めるのが好き。店の評価が上がりやすくなる。	Customers enjoy the sight of alcohol, so this item yields a rating bonus.
常連客に人気No1ゾンビラガーを宣伝。店の評判が上がりやすくなる。	Advertise the regulars' No.1 zombie lager. Gives a rating bonus.
高級料理店には教壇がつきもの。	No fine restaurant is complete without a podium.
壁紙が貼られた壁。	A wallpapered wall.
装飾品の噴水を置けば、店の評価が上がりやすくなる。	This decorative fountain will give your cafe a rating bonus.
目玉が飛び出るほど高価な絵を飾れば、店の評価は急上昇。	A painting so pricey your eyes will pop out. Big rating boost.
店のサイズを8x7に拡張。	This expands the size of your cafe to 8x7.
店のサイズを9x8に拡張。	This expands the size of your cafe to 9x8.
店のサイズを10x9に拡張。	This expands the size of your cafe to 10x9.
店のサイズを11x10に拡張。	This expands the size of your cafe to 11x10.
ゴミはちゃんとゴミ箱に。	Trash goes in the trash can.
スペシャルメニュー板を置けば、店の評価は急上昇。	Put up a specials board for a big rating boost.
流行の壁。	A hip-looking wall.
この操作板を置けば、店の評価が上がりやすくなる。	This MAD control panel will give you a rating bonus.
このタイルで店の床を悪に染めろ。	Tile your floor. The evil way.
スタイリッシュな悪のキャビネットで、店の評価をアップ。	Improve your cafe rating with this stylishly evil cabinet.
座るためだけじゃない、悪巧みのためのイス。	This chair isn't just for sitting...it's for plotting. BWAHAHAHA!!
このカウンターで世界征服を始めよう。	Serve up some world domination with this counter.
何も知らない客は、ここで悪の食事を試すことになる。	Unsuspecting customers can sample your evil concoctions at this table.
悪の隠れ家には必須の壁。	The must-have wall decor for every evil lair.
凝った装飾が施されたスピンドルチェアは機能性も抜群。	This spindle chair is both ornate and functional.
ボックス席がないと店とは呼べない。店の評価が少し上がりやすくなる。	It's not a real diner without booths. Small rating bonus.
昔ながらのパブ風の床。	An old-fashioned pub floor.
迷ったら、この窓を買え！	Don't be a tosser! Get this window.
ゾンビのインテリアデザインの最高傑作。	Tiffany lamps are the height of undead interior design.
ゴミがうらやましく思える程のゴミ箱。	Go green with your trash.
イギリス風の壁。	A limey way to decorate your walls.
店のサイズを12x11に拡張。	This expands the size of your cafe to 12x11.
このギターを置けば、店は確実にフォークミュージックな雰囲気になる。	Give your cafe that distinctly "folk music" appeal with this guitar.
植物は客が求める酸素を提供してくれる。	Plants provide the oxygen your customers crave.
イカしたテーブルを置けば、店の評価が少し上がりやすくなる。	Earn a small rating bonus with this groovy-looking table.
高級なイスを置けば、店の評価が少し上がりやすくなる。	This fancy chair will give your cafe a small rating bonus.
このグリルで調理すれば、店の評価が少し上がりやすくなる。	Fire up the grill and get a small rating bonus.
衝撃の事実、ゾンビは日焼けしない。ミイラになるだけだ。	Shocking fact: zombies don't tan. They just mummify.
折りたたみ式イスで、室内でテラス気分を味わおう。	Bring the patio inside with this folding chair.
折りたたみ式テーブルで、室内でテラス気分を味わおう。	Bring the patio inside with this folding table.
このサーフボードで店を飾ろう。店の経営も波に乗るかも。	Surf's up! Decorate your cafe with this tubular board.
アイスを売って、店の評価を上げよう。	Sell some ice cream and raise your rating.
店のサイズを13x12に拡張。	This expands the size of your cafe to 13x12.
ドロドロの脳？　バラバラの手足？　一体どんな意味が？	Melting brains? Scattered limbs? What could it all mean?
フェルメールの謎めいた作品で、客を引きつけよう。	Lure in customers with Vermeer's most mysterious work.
ゴッホの名作の新バージョンで、お得なボーナス評価をもらおう。	A new take on Van Gogh's masterpiece, with a handy rating bonus.
このタイルを敷きつめるだけでお祭り気分！	Lay down these tiles and it's instantly a party!
薄気味悪い空間が演出でき、ハエ退治もできる一石二鳥の壁。	Creepy AND it catches flies. Two birds, one wall.
店がゴシックな雰囲気になる。	Add a touch of Gothic to your cafe.
特別な日には料理の出しかたにもこだわろう。	A festive way to prepare your food.
感謝祭のごちそうの恐ろしさを、お客に思い出させるテーブル。	A table that reminds customers just how scary a Thanksgiving feast can be.
クリスマスには片付けられてしまう、かわいそうなリース。	This wreath screams "up until Christmas."!
顔のない不気味なジャックランタン。	A creepy jack-o'-lantern with no face.
お手頃サイズのかわいらしいカボチャ。	3.14 small pumpkins.
森林浴をしているような気分になれるかもしれない。	Might make you feel like you're taking a forest bath.
カボチャをワゴンに盛ると、やたらとかわいく見えるのはなぜ？	Why do pumpkins look so darn cute piled in a wagon?
アットホームな店を演出する看板。	Home Sweet Home for a limited time.
ロウソクの灯りで食事をしていると、危険がせまっても気づきにくい。	When you dine by candlelight, it's hard to notice danger creeping up.
店のサイズを14x13に拡張。	This expands the size of your cafe to 14x13.
5秒間ゾンビの攻撃に追加ダメージが付くようになる。連続して5回まで使用できる。その後は24時間待たなければ使えない。	Your zombie's attacks deal extra damage for 5 seconds. Usable 5 times, then recharges in 24 hours.
ゾンビの体力を回復する。連続して5回まで使用できる。その後は24時間待たなければ使えない。	Refills your zombie's health. Usable 5 times, then recharges in 24 hours.
この怪しい筐体に25セントを寄付して、施しの心を思い出そう。	Celebrate the spirit of giving by making a 25 cent donation to this mysterious box.
血のように赤い壁。	A wall as red as blood.
よく見ると安っぽい金メッキの床。	Look closely: it's cheap gold plating.
コタツとセットのイス。	A chair that goes with the kotatsu.
人を堕落させる東洋のテーブル。	The Eastern table that turns people into slugs.
ミカンをのせるとおさまりがよくなる。	It just looks right with a mandarin orange on top.
テーブルなうえゲームも遊べる夢のマシン。	A table AND a video game. The dream machine.
マニアが泣いて喜ぶレトロな一品。	A retro gem that'll bring collectors to tears.
よく見ると安っぽい金メッキの壁。	Look closely: it's a cheap gold-plated wall.
ゴシックかつロリータ。	Gothic AND Lolita.
気分はご主人様。	Welcome home, master.
一部の人間が興奮するアニメのポスター。	An anime poster certain people get very excited about.
本物のハートの代用品。	A stand-in for a real heart.
ハートの電飾で女性客のハートを鷲掴みにしよう！	Why wear rose-colored glasses when you can use rose-colored lights?
提灯でオリエンタルな色気ムンムン。	Paper lanterns ooze Eastern charm.
爆発する危険な飾り。魔除けにもなる。	A dangerous, explosive decoration. Also wards off evil.
コマイヌを置いておくと客がお金をそなえていくことがあるかも。	Protect your cafe with this guardian lion. Customers may leave offerings.
オリエンタルムードのテーブル、椅子とペアでどうぞ。	An Oriental-style table. Pairs well with the matching chair.
オリエンタルムードの椅子、テーブルとペアでどうぞ。	An Oriental-style chair. Pairs well with the matching table.
よくできた石像だ、見ているだけでハッピー！	A fine statue. Just looking at it makes you happy!
カッコいいパンチングマシン。XPマークが出たらタップ。最大50XPが手に入る。	A cool punching machine. Tap the XP icon when it appears for up to 50 XP.
ゾンビの運動にかかせないルームランナー。XPマークが出たらタップ。最大20XPが手に入る	Every zombie needs a treadmill. Tap the XP icon when it appears for up to 20 XP.
力の墓石の使用回数が７回増える。	Strength Tombstone can be used 7 more times.
体力の墓石の使用回数が７回増える。	Health Tombstone can be used 7 more times.
トラディショナルなカウンターが高評価。	This traditional-looking counter will give your cafe a rating bonus.
丸くてグリーンな椅子、床に座るよりはましか？	Its green, hard and round. At least you're not sitting on the floor.
虹が地面に接するところに「金のポット」があるといわれている。	You've found the end of the rainbow, turns out there really is gold there!
こじゃれているが要するにアラ隠しだ。	A fancy way of making sure your customers can't see what's really going on in the kitchen
ゲンを担ぐにはもってこいのアイリッシュテーブル。	The luck of the Irish will be with you if you sit at this table
風格ある看板がアイリッシュな雰囲気を演出。	A distinguished crest for that Irish atmosphere.
蹄鉄ってラッキーアイテムってしってた？私たちも知らなかった！	Did you know horseshoes are lucky? Neither did we!
クラシックなポスター、ゾンビ御用達のドリンクだ！	A classic poster from a turn of the century purveyor of zombie beverages
このサインを飾ることで我を忘れてもここが何処だか分かるよね。	Just in-case your customers forgot where they were, put up this sign to remind them
これが無いとパブとは言えないね。	It's not a pub without one of these.
サムライごようたしの仕切り	A folding screen fit for a samurai.
漢字が書かれたクールな掛け軸	Ninja's don't normally advertise, but this is an exception.
火星人はこのパーティションでプライバシーを守る。	Martians keep their privacy behind this divider.
地球外でもお皿は汚れます、このシンクで洗おう。	Dishes still get dirty in space, here is a place to clean them.
LEDライトで省エネ対策。	Light the way with these energy efficient LED lights.
ガラスタイルで掃除が楽になるぞ。	Glass tiles make cleaning a breeze.
このゲームでハイスコアを出せば地球外からスカウトが来るかも。	Get a high score and you might get recruited by aliens.
この椅子に座れば注文も命令口調に！	Every order will be followed with the phrase "make it so"!
美味しそうなピザを見せびらかせて食欲をそそれ！	Show off the goods, to get your customers in the mood to eat.
お客さんにお店のオススメを知らせよう！	Let customers know what's good today!
らくがき風のポスターで気分はダウンタウンだぜ！	Add some street art to the inside of your cafe with this graffiti poster.
少し古風なネオンサインでお店を演出しよう。	Dress up your cafe with a retro neon sign.
豪華な装飾が施されている冷蔵庫。ちょっとリッチな気分になって店の評判も上がる。	A lavishly decorated fridge. Feels a little fancy, and gives a rating bonus.
このコンロで調理すればフランス料理シェフ気分。調理時間20%減。	Cook like a French chef. Cooking time -20%.
汚すのがもったいないシンク。	A sink almost too nice to get dirty.
繊細なゾンビ料理にピッタリのカウンター。	The perfect counter for delicate zombie cuisine.
貴族になったような気分で食事ができるかも。リッチな気分でチップ発生率アップ。	Dine like nobility. Feeling rich makes customers tip more often.
豪華でフカフカ。中世の貴族も使っていたらしい。	Plush and luxurious. Rumor says medieval nobles used them.
豪華な装飾が施された床。	A lavishly decorated floor.
豪華な装飾が施された壁。	A lavishly decorated wall.
バイオハザード６は2012年10月4日発売ダ！	Resident Evil 6 is out October 2, 2012!
BSAAはゾンビの敵だ！	The BSAA is the enemy of zombies!
このエンブレムを持っていれば大統領の脳が食えるかも。	With this emblem, maybe you'll get to eat the President's brain.
反政府軍は傭兵を募集中！	The rebel army is hiring mercenaries!
インクリボンがないのでセーブができない。	No ink ribbon, so you can't save.
プレゼントを入れる隙間がない靴下。	A stocking with no room left for presents.
血がにじんだ袋をラクラク運ぶために作られたソリ。	A sled built to haul blood-soaked sacks with ease.
サンタ不在によりクリスマスが開催できない旨のお知らせ。	Notice: Christmas is canceled due to Santa's absence.
これを立てて今年一年の悪夢の始まりとしよう。	Set this up to kick off a whole new year of nightmares.
新春にカフェへ来る人達の目印として置いておこう	Set this out so New Year's visitors can find your cafe.
正月にこれを落とすとゾンビは喜ぶ。	Zombies love it when you drop this on New Year's.
力の墓石の効果が上昇する。	Boosts the Strength Tombstone's effect.
体力の墓石の効果が上昇する。	Boosts the Health Tombstone's effect.
使い終わると箱ごと消滅する爆弾。襲撃時に使用するとゾンビにダメージ。イベントボスには大ダメージを与えるぞ！※使い終わると設置した場所から消えます。	A bomb that damages enemy zombies in raids. Huge damage to event bosses! Disappears once used up.
柱で店の模様替え。	Redecorate your cafe with a pillar.
＄とＸＰを一括回収できる。	Collects all your $ and XP in one go.
店のサイズを15x14に拡張。	This expands the size of your cafe to 15x14.
店のサイズを16x15に拡張。	This expands the size of your cafe to 16x15.
壁で店の模様替え。	Redecorate your cafe with a wall.
個性的な壁で店の模様替え。	Redecorate your cafe with a unique wall.
１日１回、自分のカフェで１体のゾンビを復活できる。	Revive one zombie in your cafe, once per day.
テーブルクロスがポイントです。	It's all about the tablecloth.
木のぬくもりがあるイスです。	A chair with the warmth of real wood.
野外で調理している気分になれるコンロ。焦げるまでの時間が１．５倍になる。	Feels like cooking outdoors. Food takes 1.5x longer to burn.
ストレス発散のため撃ち抜かれたポスター。	A poster that's been shot full of holes for stress relief.
メルヘンな雰囲気のテーブル。料理を置くとまずそうに見える。	A fairy-tale table. Food looks gross on it.
メルヘンな雰囲気のイス。座ると気分が悪くなる。	A fairy-tale chair. Sitting on it makes you feel sick.
「体力」の上限が+200になる。	Max Energy +200.
「体力」の上限が+400になる。	Max Energy +400.
「体力」の上限が+600になる。	Max Energy +600.
「体力」の上限が+800になる。	Max Energy +800.
「体力」の上限が+1000になる。	Max Energy +1000.
「攻撃力」が+10になる	Attack +10.
「攻撃力」が+20になる	Attack +20.
「スピード」が+10になる	Speed +10.
「スピード」が+20になる	Speed +20.
「チップ」が+10になる	Tips +10.
「チップ」が+20になる	Tips +20.
「チップ」が+30になる	Tips +30.
「さぼりにくさ」が+10になる	Diligence +10 (less slacking off).
「さぼりにくさ」が+20になる	Diligence +20 (less slacking off).
「さぼりにくさ」が+30になる	Diligence +30 (less slacking off).
このモダンな冷蔵庫があれば、変わり種料理が毎日一品だけタダでもらえる。店の評価も上がりやすくなる。	This modern fridge gives you one unusual dish FREE each day, plus a rating bonus.
食事時間が短縮される不思議なテーブル。（カフェ画面を表示している時のみ時間短縮される）	A mysterious table that speeds up eating. (Only while your cafe is on screen.)
墓場から持ち込んだ石畳。	Cobblestones hauled in from the graveyard.
墓場から持ち込んだ土。	Dirt hauled in from the graveyard.
墓場から持ち込んだ壁。	A wall hauled in from the graveyard.
よくできた墓石だ、見ているだけでハッピー！	A fine tombstone. Just looking at it makes you happy!
ヒーロータウンからのおみやげ	A souvenir from Hero Town.
花の成長が早くなる料理が完成する。お客に出す料理は普通の味になります。	Makes a dish that helps flowers grow faster. Tastes normal to customers.
ホラーな雰囲気を出すにはもってこいな床。	The perfect floor for a horror vibe.
ホラーな雰囲気を出すにはもってこいな腰壁。	The perfect wainscoting for a horror vibe.
上流階級が愛用していたアンティークなシンク。	Kitchen sink not included.
大統領によってLEDが搭載されたクマのぬいぐるみ。XPマークが出たらタップ。最大5XPが手に入る。	A teddy bear the President fitted with LEDs. Tap the XP icon for up to 5 XP.
大統領に唯一傷を与えたクマを再現したぬいぐるみ。店の評価が上がりやすくなる。	A replica of the only bear to ever wound the President. Gives a rating bonus.
大統領によって半殺しにあったクマを再現したぬいぐるみ。置いておくとあわれんだ客がお金をそなえていく。	A replica of a bear the President half-killed. Pitying customers leave money.
大統領が駆逐したといわれる伝説のクマを再現。XPマークが出たらタップ。最大70XPが手に入る。	The legendary bear the President wiped out. Tap the XP icon for up to 70 XP.
うるさいお客様をかたずけるのにピッタリな霊蔵庫だ。	The perfect fridge for "handling" noisy customers.
上流階級が愛用していたアンティークなIH。調理時間20%減。	An antique induction stove loved by the upper class. Cooking time -20%.
