index,name,jp_name,unlock_level,cost_price,cook_minutes,servings,price_per_serving,xp,revenue,profit,profit_per_min,xp_per_min,image_id,U7,U8,en_match,en_row,jp_equals_en_vanilla,en_unlock_level,en_cost_vanilla,en_cost_v11,en_servings_vanilla,en_servings_v11,en_pps_vanilla,en_pps_v11,en_cook_min_vanilla,en_cook_min_v11,en_xp_vanilla,en_xp_v11,en_profit_per_min_vanilla,en_profit_per_min_v11,en_xp_per_min_vanilla,en_xp_per_min_v11
0,Mystery Meat,あやしい肉,1,8,2,12,1,1,12,4,2.0,0.5,28,0,1,Mystery Meat,0,True,1,8,4,12,12,1,1,2,2,1,1,2.0,4.0,0.5,0.5
1,Hobo Delight,ゾンビスープ,1,30,5,20,2,2,40,10,2.0,0.4,26,0,0,Hobo Delight,1,True,1,30,5,20,20,2,2,5,5,2,2,2.0,7.0,0.4,0.4
2,Dishwater Soup,汚水のスープ,2,125,15,50,3,5,150,25,1.67,0.333,50,0,1,Dishwater Soup,2,True,2,125,55,50,50,3,3,15,15,5,5,1.667,6.333,0.3333,0.3333
3,Leftunders,あやしい切り落とし,3,400,480,300,3,65,900,500,1.04,0.135,33,0,0,Leftunders,3,True,3,400,170,300,300,3,3,480,480,65,65,1.042,1.521,0.1354,0.1354
4,Green Eggs & Sam,変色した卵とハム,3,280,60,180,2,15,360,80,1.33,0.25,19,1,1,Green Eggs & Sam,4,True,3,280,280,180,180,2,3,60,60,15,15,1.333,4.333,0.25,0.25
5,Finger Sandwiches,指はさんじゃいました,3,1100,1080,650,3,90,1950,850,0.79,0.083,12,1,0,Finger Sandwiches,5,True,3,1100,1100,650,650,3,3,1080,1080,90,90,0.787,0.787,0.0833,0.0833
6,Gello Mold,不気味なゼリー,4,475,720,400,3,60,1200,725,1.01,0.083,17,1,1,Gello Mold,6,True,4,475,475,400,400,3,3,720,720,60,60,1.007,1.007,0.0833,0.0833
7,Toe Jam Sandwiches,足はさんじゃいました,4,190,90,100,3,20,300,110,1.22,0.222,42,1,0,Toe Jam Sandwiches,7,True,4,190,190,100,100,3,3,90,90,20,20,1.222,1.222,0.2222,0.2222
8,Dough-Nots,ゾンビドーナッツ,4,235,180,220,2,25,440,205,1.14,0.139,7,1,0,Dough-Nots,8,True,4,235,70,220,260,2,2,180,180,25,25,1.139,2.5,0.1389,0.1389
9,Handburgers & Flies,ハンドバーガーとフライ,5,310,300,320,2,45,640,330,1.1,0.15,24,1,1,Handburgers & Flies,9,True,5,310,90,320,375,2,2,300,300,45,45,1.1,2.2,0.15,0.15
10,Green-plate Special,ゾンビサラダ,5,300,30,115,3,12,345,45,1.5,0.4,20,1,0,Green-plate Special,10,True,5,300,230,115,120,3,3,30,30,12,12,1.5,4.333,0.4,0.4
11,Onion Wrongs,ニオウニオンリング,5,100,15,125,1,6,125,25,1.67,0.4,34,1,0,Onion Wrongs,11,True,5,100,30,125,125,1,1,15,15,6,6,1.667,6.333,0.4,0.4
12,"Sloppy ""Joe""",どろんこバーガー,6,1500,1440,850,3,95,2550,1050,0.73,0.066,36,2,1,"Sloppy ""Joe""",12,True,6,1500,1500,850,900,3,3,1440,1440,95,95,0.729,0.833,0.066,0.066
13,Tumor Melts,内臓サンド,6,2600,2880,1100,4,160,4400,1800,0.62,0.056,43,2,0,Tumor Melts,13,True,6,2600,2600,1100,1100,4,4,2880,2880,160,160,0.625,0.625,0.0556,0.0556
14,Zomelets,ゾンビオムレツ,6,300,60,190,2,20,380,80,1.33,0.333,46,2,0,Zomelets,14,True,6,300,300,190,200,2,2,60,60,20,20,1.333,1.667,0.3333,0.3333
15,Meat Lover Pizza,ゾンビピザ,7,460,120,150,4,30,600,140,1.17,0.25,31,2,1,Meat Lover Pizza,15,True,7,460,460,150,150,4,4,120,120,30,30,1.167,1.167,0.25,0.25
16,Pork 'n' Brains,頭と鼻の良くなる前菜,7,650,660,430,3,70,1290,640,0.97,0.106,35,2,0,Pork 'n' Brains,16,True,7,650,560,430,475,3,3,660,660,70,70,0.97,1.311,0.1061,0.1061
17,Fetidccine,バッチーネ,7,3200,4320,1900,3,220,5700,2500,0.58,0.051,11,2,0,Fetidccine,17,True,7,3200,3200,1900,1900,3,3,4320,4320,220,220,0.579,0.579,0.0509,0.0509
18,Mac & Fleas,ゾンビマカロニ,8,380,360,400,2,55,800,420,1.17,0.153,29,2,1,Mac & Fleas,18,True,8,380,110,400,475,2,2,360,360,55,55,1.167,2.333,0.1528,0.1528
19,Wormicelli,ミズミズしいミミズ,8,1800,1200,900,3,90,2700,900,0.75,0.075,45,2,0,Wormicelli,19,True,8,1800,900,900,600,3,3,1200,1200,90,90,0.75,0.75,0.075,0.075
20,Gnasty Gnocchi,ニョキニョキニョッキ,9,475,840,375,3,80,1125,650,0.77,0.095,18,3,1,Gnasty Gnocchi,20,True,9,475,475,375,425,3,3,840,840,80,80,0.774,0.952,0.0952,0.0952
21,Tiramiseeeww,匂い立つティラミス,9,250,90,120,3,30,360,110,1.22,0.333,41,3,0,Tiramiseeeww,21,True,9,250,250,120,120,3,3,90,90,30,30,1.222,1.222,0.3333,0.3333
22,Flied Lice,ゾンビチャーハン,9,200,150,185,2,40,370,170,1.13,0.267,15,3,0,Flied Lice,22,True,9,200,60,185,210,2,2,150,150,40,40,1.133,2.4,0.2667,0.2667
23,Wonton Goop,血染めのワンタン,10,320,20,115,3,9,345,25,1.25,0.45,44,3,1,Wonton Goop,23,True,10,320,250,115,120,3,3,20,20,9,9,1.25,5.5,0.45,0.45
24,Curry Slurry,ゾンビカレー,10,1100,1080,950,2,110,1900,800,0.74,0.102,6,3,0,Curry Slurry,24,True,10,1100,1100,950,950,2,2,1080,1080,110,110,0.741,0.741,0.1019,0.1019
25,Bul-goo-gi,ゾンビプルコギ,10,3000,1920,1100,4,150,4400,1400,0.73,0.078,2,3,0,Bul-goo-gi,25,True,10,3000,3000,1100,1100,4,4,1920,1920,150,150,0.729,0.729,0.0781,0.0781
26,Misfortune Cookies,占いクッキー大凶入り,11,100,15,125,1,7,125,25,1.67,0.467,47,3,1,Misfortune Cookies,26,True,11,100,30,125,125,1,1,15,15,7,7,1.667,6.333,0.4667,0.4667
27,Faux Noodles,食べかけのヌードル,11,475,420,300,3,70,900,425,1.01,0.167,10,3,0,Faux Noodles,27,True,11,475,170,300,350,3,3,420,420,70,70,1.012,2.095,0.1667,0.1667
28,Ground Chuck,ゾンビユッケ,12,440,120,200,3,40,600,160,1.33,0.333,21,4,1,Ground Chuck,28,True,12,440,440,200,210,3,3,120,120,40,40,1.333,1.583,0.3333,0.3333
29,Burro-itos,鼻のトルティーヤ巻き,12,650,720,650,2,90,1300,650,0.9,0.125,3,4,0,Burro-itos,29,True,12,650,650,650,700,2,2,720,720,90,90,0.903,1.042,0.125,0.125
30,Chili con Carney,どろっとチリコンカン,13,30,5,40,1,5,40,10,2.0,1.0,4,4,1,Chili con Carney,30,True,13,30,5,40,20,1,1,5,5,5,5,2.0,3.0,1.0,1.0
31,Loco Tacos,ゾンビタコス,13,265,60,350,1,30,350,85,1.42,0.5,5,4,0,Loco Tacos,31,True,13,265,260,350,350,1,1,60,60,30,30,1.417,1.5,0.5,0.5
32,Entrail-ladas,熟成ソーセージ,14,125,15,75,2,9,150,25,1.67,0.6,8,4,1,Entrail-ladas,32,True,14,125,55,75,75,2,2,15,15,9,9,1.667,6.333,0.6,0.6
33,Guck-a-mole,イヤーなアボカドソース,14,300,300,650,1,55,650,350,1.17,0.183,22,4,0,Guck-a-mole,33,True,14,300,130,650,750,1,1,300,300,55,55,1.167,2.067,0.1833,0.1833
34,Blood Pudding,プッチンされたプリン,15,1900,1440,850,3,120,2550,650,0.45,0.083,1,5,1,Blood Pudding,34,True,15,1900,1900,850,900,3,3,1440,1440,120,120,0.451,0.556,0.0833,0.0833
35,Hag-Gus,あやしい肉詰め,15,220,90,100,3,35,300,80,0.89,0.389,23,5,0,Hag-Gus,35,True,15,220,220,100,100,3,3,90,90,35,35,0.889,0.889,0.3889,0.3889
36,Stake & Kidney Pies,何かが溢れ出すパイ,16,415,720,300,3,95,900,485,0.67,0.132,38,5,1,Stake & Kidney Pies,36,True,16,415,410,300,325,3,3,720,720,95,95,0.674,0.785,0.1319,0.1319
37,Fishy Chips,フィッシュ＆チップス,16,300,180,220,2,40,440,140,0.78,0.222,14,5,0,Fishy Chips,37,True,16,300,70,220,250,2,2,180,180,40,40,0.778,2.389,0.2222,0.2222
38,Head Cheesesteak,目玉が飛び出るドッグ,17,385,30,140,3,15,420,35,1.17,0.5,25,5,1,Head Cheesesteak,38,True,17,385,385,140,140,3,3,30,30,15,15,1.167,1.167,0.5,0.5
39,Hunch-Back Roast,ソーセージ＆マッシュ,17,1400,1080,650,3,130,1950,550,0.51,0.12,0,5,0,Hunch-Back Roast,73,False,22,650,650,120,120,6,6,45,45,40,40,1.556,1.556,0.8889,0.8889
40,Lady Fingers,指の切り落とし,18,210,15,120,6,10,720,510,34.0,0.667,27,6,1,Lady Fingers,40,True,18,210,210,120,120,6,6,15,15,10,10,34.0,34.0,0.6667,0.6667
41,Foie Gross,ゾンビ特製フォアグラ,18,1250,480,300,6,85,1800,550,1.15,0.177,16,6,0,Foie Gross,41,True,18,1250,1000,300,325,6,6,480,480,85,85,1.146,1.979,0.1771,0.1771
42,Escargut,べとべとエスカルゴ,19,5500,2880,1100,7,200,7700,2200,0.76,0.069,9,6,1,Escargut,42,True,19,5500,5500,1100,1100,7,7,2880,2880,200,200,0.764,0.764,0.0694,0.0694
43,Stake Tar-Tar,ゾンビタルタル,19,1040,120,150,8,45,1200,160,1.33,0.375,39,6,0,Stake Tar-Tar,43,True,19,1040,1000,150,150,8,11,120,120,45,45,1.333,5.417,0.375,0.375
44,Fileted Minion,目玉が飛び出すヒレ肉,20,1850,720,430,6,110,2580,730,1.01,0.153,13,6,1,Fileted Minion,44,True,20,1850,1850,430,450,6,6,720,720,110,110,1.014,1.181,0.1528,0.1528
45,Muscles Sprouts,ムチムチな芽キャベツ,20,750,300,220,5,65,1100,350,1.17,0.217,32,6,0,Muscles Sprouts,45,True,20,750,750,220,220,5,10,300,300,65,65,1.167,4.833,0.2167,0.2167
46,Anti Hero Sandwich,世紀末サンド,21,2500,1200,360,8,145,2880,380,0.32,0.121,51,7,0,Anti Hero Sandwich,46,True,21,2500,2160,360,360,8,11,1200,1200,145,145,0.317,1.5,0.1208,0.1208
47,Brine Shrimp Cocktail,キモ海老のカクテル,22,600,60,120,6,40,720,120,2.0,0.667,52,7,0,Brine Shrimp Cocktail,47,True,22,600,600,120,120,6,6,60,60,40,40,2.0,2.0,0.6667,0.6667
48,Tofu Brain,頭の良くなる豆腐,7,650,120,200,4,50,800,150,1.25,0.417,53,3,0,Tofu Brain,48,True,7,650,650,200,200,4,4,120,120,50,50,1.25,1.25,0.4167,0.4167
49,Army Rations,軍用ゾンビ弁当,8,290,60,210,2,25,420,130,2.17,0.417,54,2,0,Army Rations,49,True,8,290,290,210,220,2,2,60,60,25,25,2.167,2.5,0.4167,0.4167
50,Rot Dogs,ゾンビドッグ,6,250,45,165,2,14,330,80,1.78,0.311,55,0,0,Rot Dogs,50,True,6,250,220,165,165,2,2,45,45,14,14,1.778,2.444,0.3111,0.3111
51,Keblobs,ゾンビケバブ,9,400,480,300,3,75,900,500,1.04,0.156,56,0,0,Keblobs,51,True,9,400,400,300,325,3,3,480,480,75,75,1.042,1.198,0.1562,0.1562
52,Street Pizza,裏通りのピザ,8,340,240,350,2,40,700,360,1.5,0.167,57,0,2,Street Pizza,52,True,8,340,100,350,400,2,2,240,240,40,40,1.5,2.917,0.1667,0.1667
53,Jam on Toes,足の指のアラカルト,5,260,300,340,2,90,680,420,1.4,0.3,58,0,3,Jam on Toes,53,True,5,260,95,340,340,2,2,300,300,90,90,1.4,1.95,0.3,0.3
54,Net Prawn,車海老の地引き網添え,24,1100,180,250,6,60,1500,400,2.22,0.333,59,0,1,Net Prawn,54,True,24,1100,790,250,250,6,6,180,180,60,60,2.222,3.944,0.3333,0.3333
55,Haggis,ゾンビ餃子,5,250,120,260,2,50,520,270,2.25,0.417,60,0,2,Haggis,55,True,5,250,250,260,275,2,2,120,120,50,50,2.25,2.5,0.4167,0.4167
56,Mice Pudding,ネズミプリン,25,220,15,150,6,15,900,680,45.33,1.0,61,7,1,Mice Pudding,56,True,25,220,220,150,150,6,6,15,15,15,15,45.333,45.333,1.0,1.0
57,Sandwitch,サンド・ウィッチ,26,420,60,280,3,35,840,420,7.0,0.583,62,0,1,Sandwitch,57,True,26,420,420,280,280,3,3,60,60,35,35,7.0,7.0,0.5833,0.5833
58,Caramel Adam's Apple,アダムの毒リンゴ飴,5,275,60,260,3,50,780,505,8.42,0.833,63,8,2,Caramel Adam's Apple,58,True,5,275,275,260,260,3,3,60,60,50,50,8.417,8.417,0.8333,0.8333
59,Roast Turk-key,ぐっさりターキー,12,410,240,415,2,40,830,420,1.75,0.167,64,4,0,Roast Turk-key,59,True,12,410,275,415,450,2,2,240,240,40,40,1.75,2.604,0.1667,0.1667
60,Cremated Brulee,腐リーム・ブリュレ,15,500,440,315,3,80,945,445,1.01,0.182,65,0,0,Cremated Brulee,60,True,15,500,210,315,350,3,3,440,440,80,80,1.011,1.909,0.1818,0.1818
61,Snot Cross Buns,鼻水パン,17,2800,1850,1100,4,140,4400,1600,0.86,0.076,66,0,2,Snot Cross Buns,61,True,17,2800,1600,1100,800,4,4,1850,1850,140,140,0.865,0.865,0.0757,0.0757
62,Blood Shake,ブラッド・シェーキ,19,325,310,360,2,50,720,395,1.27,0.161,67,0,2,Blood Shake,62,True,19,325,120,360,400,2,2,310,310,50,50,1.274,2.194,0.1613,0.1613
63,Fish Fingers,魚のフライ　釣り針入り,27,1600,650,400,5,110,2000,400,0.62,0.169,68,0,1,Fish Fingers,63,True,27,1600,1275,400,425,5,5,650,650,110,110,0.615,1.308,0.1692,0.1692
64,Cuss-Turd Tart,カスなカスタードタルト,28,750,280,200,5,60,1000,250,0.89,0.214,69,0,1,Cuss-Turd Tart,64,True,28,750,750,200,200,5,10,280,280,60,60,0.893,4.464,0.2143,0.2143
65,Fruit Cake,クモの巣フルーツケーキ,29,4500,2500,900,7,180,6300,1800,0.72,0.072,70,0,1,Fruit Cake,65,True,29,4500,3300,900,600,7,11,2500,2500,180,180,0.72,1.32,0.072,0.072
66,Puking Duck,摩訶ロン,9,525,360,400,2,100,800,275,0.76,0.278,71,8,2,Puking Duck,66,False,16,1500,1500,700,750,5,5,1100,1100,130,130,1.818,2.045,0.1182,0.1182
67,Leg Rolls,暗黒のホワイトシチュー,30,4300,5760,2100,4,295,8400,4100,0.71,0.051,72,0,1,Leg Rolls,67,False,18,400,210,350,400,3,3,700,700,100,100,0.929,1.414,0.1429,0.1429
68,Cracked Ribs,ゾンビアラモード,15,550,120,520,3,100,1560,1010,8.42,0.833,30,9,2,Cracked Ribs,109,False,47,1492,1100,375,400,6,6,475,475,105,105,1.596,2.737,0.2211,0.2211
69,Gruesome Gruel,暴れんタインチョコ,13,200,30,250,1,14,250,50,1.67,0.467,37,3,0,Gruesome Gruel,110,False,23,2450,2100,355,350,8,11,1200,1200,145,145,0.325,1.458,0.1208,0.1208
70,Roe Boat,ユビ天丼,31,1250,600,180,8,95,1440,190,0.32,0.158,48,0,1,Roe Boat,121,False,53,1500,1500,730,730,5,5,1000,1000,145,145,2.15,2.15,0.145,0.145
71,Lion's Head Meatballs,ムカデロール,32,3250,1900,1150,4,150,4600,1350,0.71,0.079,73,0,1,Lion's Head Meatballs,68,False,30,1260,890,320,350,6,6,470,470,85,85,1.404,2.574,0.1809,0.1809
72,Torn-Up-Cake,もぎたてブロークンハート,18,400,700,350,3,100,1050,650,0.93,0.143,74,9,2,Torn-Up-Cake,69,False,31,315,120,240,270,3,3,180,180,45,45,2.25,3.833,0.25,0.25
73,Bleeding Hearts,おさるの指の前菜,19,500,440,315,3,80,945,445,1.01,0.182,75,3,0,Bleeding Hearts,70,False,32,3250,2250,1150,900,4,4,1900,1900,150,150,0.711,0.711,0.0789,0.0789
74,Ghoul Cheese Pizza,ロイヤルミル苦ティー,33,650,610,720,2,100,1440,790,1.3,0.164,49,0,1,Ghoul Cheese Pizza,122,False,15,500,450,315,240,3,5,440,120,80,22,1.011,6.25,0.1818,0.1833
75,Ape-a-Teaser,オオドロチュードロ,34,2200,360,500,6,120,3000,800,2.22,0.333,76,0,1,Ape-a-Teaser,71,False,19,500,210,315,350,3,3,440,440,80,80,1.011,1.909,0.1818,0.1818
76,Rabid Rabbit,憎団子,12,1260,470,320,6,85,1920,660,1.4,0.181,40,10,2,Rabid Rabbit,113,False,17,1350,1350,650,650,4,4,1000,1000,130,130,1.25,1.25,0.13,0.13
77,Festering Hot Chocolate,大恨もち,5,650,45,120,6,40,720,70,1.56,0.889,77,10,2,Festering Hot Chocolate,72,False,20,800,800,400,425,5,5,460,460,150,150,2.609,2.88,0.3261,0.3261
78,Leperoni Pizza,毒ラムチャウダー,35,1500,500,320,6,95,1920,420,0.84,0.19,78,0,1,Leperoni Pizza,151,False,60,1220,1220,600,600,4,4,860,860,135,135,1.372,1.372,0.157,0.157
79,Meatish Sweetballs,謎のせむし焼き,36,820,480,830,2,80,1660,840,1.75,0.167,79,0,1,Meatish Sweetballs,152,False,61,950,690,650,650,3,3,700,700,108,108,1.429,1.8,0.1543,0.1543
80,Riga Tony,ツィートローフ,11,520,60,75,8,30,600,80,1.33,0.5,80,4,0,Riga Tony,153,False,62,2075,2075,830,830,5,5,1200,1200,155,155,1.729,1.729,0.1292,0.1292
81,Bangers & Mush,ムシ食いアップルパイ,24,1040,120,150,8,60,1200,160,1.33,0.5,81,2,0,Bangers & Mush,39,False,17,1400,1150,650,700,3,3,1080,1080,130,130,0.509,0.88,0.1204,0.1204
82,Bread & Brains Spread,プッキン！ダック,27,1500,720,1000,6,130,6000,4500,6.25,0.181,82,10,2,Bread & Brains Spread,158,False,11,360,210,250,250,3,3,500,500,55,55,0.78,1.08,0.11,0.11
83,Beetle in Beetroot Sauce,身たらし団子,37,100,2,24,6,7,144,44,22.0,3.5,83,0,1,Beetle in Beetroot Sauce,159,False,14,670,670,680,700,2,2,600,600,90,90,1.15,1.217,0.15,0.15
84,Spiderello,ゾンビ豚のクローバーソース,11,3000,1850,1100,5,200,5500,2500,1.35,0.108,84,11,2,Spiderello,160,False,18,850,850,480,500,4,4,350,350,85,85,3.057,3.286,0.2429,0.2429
85,Fried Snakeroll,コケ味シェイク,23,2500,1800,1050,4,150,4200,1700,0.94,0.083,85,11,2,Fried Snakeroll,161,False,20,1000,1000,400,400,5,5,600,600,88,88,1.667,1.667,0.1467,0.1467
86,Jumble Eye-ah,弔いロールキャベツ,38,3300,1920,1200,4,145,4800,1500,0.78,0.076,86,8,1,Jumble Eye-ah,162,False,24,1230,1230,645,645,4,4,720,720,100,100,1.875,1.875,0.1389,0.1389
87,Garden Gnome Salad,ムズムズサンド,26,3900,2400,1000,5,150,5000,1100,0.46,0.062,87,7,0,Garden Gnome Salad,163,False,66,1340,1050,700,700,4,4,450,450,105,105,3.244,3.889,0.2333,0.2333
88,Fetid Djinni,泥水ココア,25,1700,300,500,4,70,2000,300,1.0,0.233,88,6,0,Fetid Djinni,164,False,67,1670,1670,685,700,5,5,800,800,150,150,2.194,2.288,0.1875,0.1875
89,Verminestroni,闇討ちソバ,21,2000,660,600,4,80,2400,400,0.61,0.121,89,12,2,Verminestroni,165,False,68,1915,1900,555,550,7,12,960,960,160,160,2.052,4.896,0.1667,0.1667
90,Wiccan Nuggets,異星生物カスレ,17,800,470,390,5,140,1950,1150,2.45,0.298,90,10,2,Wiccan Nuggets,166,False,69,1420,1420,950,950,3,3,600,600,120,120,2.383,2.383,0.2,0.2
91,Voodoo Fondue,クェーサーコーヒー,21,1500,1000,700,5,140,3500,2000,2.0,0.14,91,9,0,Voodoo Fondue,167,False,70,1815,1800,720,750,5,5,860,860,145,145,2.076,2.267,0.1686,0.1686
92,Eyestir Sauce Noodles,超ひも状チーズ,24,2500,1000,800,5,100,4000,1500,1.5,0.1,92,11,0,Eyestir Sauce Noodles,168,False,71,2170,2160,580,580,8,12,1320,1320,162,162,1.871,3.636,0.1227,0.1227
93,Leech Melba,ダークマターローフ,25,800,500,410,6,150,2460,1660,3.32,0.3,93,12,0,Leech Melba,169,False,26,650,650,320,325,5,5,240,240,50,50,3.958,4.062,0.2083,0.2083
94,Nukes'n Puke,深宇宙のタルト,13,1000,90,200,7,60,1400,400,4.44,0.667,94,8,2,Nukes'n Puke,170,False,27,840,840,500,500,4,4,480,480,75,75,2.417,2.417,0.1562,0.1562
95,Knuckle Sandwich,エイリアンケバブ,10,500,450,290,3,60,870,370,0.82,0.133,95,7,2,Knuckle Sandwich,171,False,28,915,910,330,330,6,6,520,520,82,82,2.048,2.058,0.1577,0.1577
96,Druid's Juice,プルトンサイダー,30,500,800,500,5,100,2500,2000,2.5,0.125,96,13,0,Druid's Juice,172,False,8,220,250,265,175,2,4,150,120,22,18,2.067,3.75,0.1467,0.15
97,Hydrapanic Salad,宇宙ウミウシ,32,1500,500,390,6,110,2340,840,1.68,0.22,97,13,0,Hydrapanic Salad,173,False,8,315,350,350,230,2,4,190,240,27,34,2.026,2.375,0.1421,0.1417
98,Helm & Cheese,混沌のミートボール,37,2200,1000,750,5,110,3750,1550,1.55,0.11,98,13,2,Helm & Cheese,174,False,8,445,550,360,330,3,5,225,480,40,85,2.822,2.292,0.1778,0.1771
99,Unicorn Chowder,ミノタウロスフライ,39,3200,2000,1000,6,140,6000,2800,1.4,0.07,99,12,1,Unicorn Chowder,175,False,8,540,650,375,375,3,6,280,720,45,116,2.089,2.222,0.1607,0.1611
100,Dragon Soup,ハチミツ風味のスパム缶,40,4000,1920,800,6,160,4800,800,0.42,0.083,100,12,1,Dragon Soup,176,False,8,615,1100,420,500,3,7,360,960,60,160,1.792,2.5,0.1667,0.1667
101,Holy Gauntlet Pottage,ゴキブリ入りカルツォーネ,41,2000,2880,600,7,100,4200,2200,0.76,0.035,101,11,1,Holy Gauntlet Pottage,177,False,8,680,1400,480,660,3,7,400,1440,65,234,1.9,2.236,0.1625,0.1625
102,Crimonade Can,目玉のベーコン巻きピザ,29,2730,1050,835,6,112,5010,2280,2.17,0.107,102,0,2,Crimonade Can,178,False,72,1755,1750,900,900,4,4,880,880,152,152,2.097,2.102,0.1727,0.1727
103,Orc Steak,英国ゾンビの朝食ピザ,30,865,350,450,4,65,1800,935,2.67,0.186,103,0,2,Orc Steak,179,False,73,1580,1000,1080,900,3,3,580,580,123,123,2.862,2.931,0.2121,0.2121
104,Mandragora Dip,怪しい肉のピザ,31,1430,1250,625,5,56,3125,1695,1.36,0.045,104,0,0,Mandragora Dip,180,False,74,2375,2350,695,700,7,12,1220,1220,168,168,2.041,4.959,0.1377,0.1377
105,Eyeberry Jelly,ミートパッションピザ,32,525,350,425,3,55,1275,750,2.14,0.157,105,0,0,Eyeberry Jelly,181,False,11,580,580,385,385,3,3,620,620,80,80,0.927,0.927,0.129,0.129
106,Red Dragon,ムシゼリーピザ,42,610,720,576,3,35,1728,1118,1.55,0.049,106,0,1,Red Dragon,182,False,11,2250,2250,950,950,4,4,1200,1200,140,140,1.292,1.292,0.1167,0.1167
107,Plundered Blowfish,タイ風ピザ,43,1230,846,640,4,75,2560,1330,1.57,0.089,107,0,1,Plundered Blowfish,183,False,11,740,800,530,440,3,5,280,480,70,120,3.036,2.917,0.25,0.25
108,Oyster Pearls,ベジタリアンピザ,40,2050,975,720,5,95,3600,1550,1.59,0.097,108,12,0,Oyster Pearls,184,False,11,635,300,445,85,3,12,240,120,85,43,2.917,6.0,0.3542,0.3583
109,Jelly Roger Custard,ボイルされたあやしい肉,44,235,18,165,6,65,990,755,41.94,3.611,109,0,1,Jelly Roger Custard,185,False,11,410,400,505,230,2,5,180,180,65,65,3.333,4.167,0.3611,0.3611
110,Molar Breakers,トゲパン,45,2000,950,650,5,85,3250,1250,1.32,0.089,110,0,2,Molar Breakers,186,False,11,860,450,440,225,4,6,330,90,90,25,2.727,10.0,0.2727,0.2778
111,Shark Tooth Dullers,ロデオ牛のしっぽ,34,736,300,220,5,70,1100,364,1.21,0.233,111,0,2,Shark Tooth Dullers,187,False,11,935,950,495,520,4,6,385,720,95,178,2.714,3.014,0.2468,0.2472
112,Killer Squid,足の親指入りベークドビーンズ,36,1875,810,600,5,90,3000,1125,1.39,0.111,112,0,0,Killer Squid,188,False,11,1005,1600,520,600,4,9,500,1440,100,288,2.15,2.639,0.2,0.2
113,Snake-Snacks,チャコールスロー,37,532,800,550,5,95,2750,2218,2.77,0.119,113,0,0,Snake-Snacks,189,False,75,1840,1840,755,755,5,5,900,900,155,155,2.15,2.15,0.1722,0.1722
114,Greasy Grizzly,火あぶりチキン,10,1366,1000,626,3,125,1878,512,0.51,0.125,114,0,0,Greasy Grizzly,190,False,76,2215,1600,800,700,6,6,1160,1160,167,167,2.228,2.241,0.144,0.144
115,Elephant Toe Jam,悲しみのカタバラ肉,13,3850,2000,875,7,170,6125,2275,1.14,0.085,115,14,0,Elephant Toe Jam,191,False,77,3055,3050,860,850,8,14,1440,1440,195,195,2.656,6.146,0.1354,0.1354
116,Vampire Ash Browns,悪臭のポークサンド,46,723,285,225,6,65,1350,627,2.2,0.228,116,0,1,Vampire Ash Browns,192,False,13,140,750,120,400,3,6,240,480,50,100,0.917,3.438,0.2083,0.2083
117,Staked Steak,最後のスペアリブ,47,1492,475,375,6,105,2250,758,1.6,0.221,117,0,1,Staked Steak,193,False,13,200,200,110,60,2,6,15,15,40,40,1.333,10.667,2.6667,2.6667
118,Nosfera-Stew,目玉のおかゆ,48,3000,1440,500,7,100,3500,500,0.35,0.069,118,0,1,Nosfera-Stew,194,False,13,200,1000,450,575,1,6,100,720,20,144,2.5,3.403,0.2,0.2
119,Bat BQ,親指ブッチンプリン,49,4000,2880,600,8,110,4800,800,0.28,0.038,119,0,1,Bat BQ,195,False,13,210,425,145,215,3,6,220,120,45,25,1.023,7.208,0.2045,0.2083
120,Heart Dog on a Stake,ラクーンティー,3,810,60,180,5,15,900,90,1.5,0.25,120,32,5,Heart Dog on a Stake,196,False,13,225,325,250,60,2,14,180,90,35,18,1.528,5.722,0.1944,0.2
121,Garlic Choke,ジュアヴォの活造り,10,1810,360,400,5,30,2000,190,0.53,0.083,121,32,5,Garlic Choke,197,False,13,500,3000,300,750,1,12,450,2160,30,144,-0.444,2.778,0.0667,0.0667
122,Whole Roast Licker,リッカーの丸焼き,20,2810,720,600,5,60,3000,190,0.26,0.083,122,32,5,,,False,,,,,,,,,,,,,,,
123,Rocket Lunch,ロケットランチ,30,3810,1080,800,5,120,4000,190,0.18,0.111,123,32,5,,,False,,,,,,,,,,,,,,,
124,Crypt Cake,お下劣なラムチョップ,50,425,800,550,5,80,2750,2325,2.91,0.1,124,0,1,Crypt Cake,200,False,80,780,250,750,750,2,2,420,420,75,75,1.714,2.976,0.1786,0.1786
125,Crucy Fries,ラパンのクビ狩り焼き,51,1350,1000,650,4,130,2600,1250,1.25,0.13,125,0,1,Crucy Fries,198,False,78,835,290,580,580,3,3,360,360,80,80,2.514,4.028,0.2222,0.2222
126,Eye Pop Candy,スパークリング汚染水,52,285,15,150,6,20,900,615,41.0,1.333,126,0,1,Eye Pop Candy,199,False,79,600,200,1215,1215,1,1,180,180,100,100,3.417,5.639,0.5556,0.5556
127,Fish Bones & Gold Chips,汚染アラモード,53,1050,120,150,8,50,1200,150,1.25,0.417,127,0,1,Fish Bones & Gold Chips,201,False,12,925,925,505,505,4,4,315,315,80,80,3.476,3.476,0.254,0.254
128,Chili Chili Bang Bang,恨みのツラミ,54,265,18,180,6,66,1080,815,45.28,3.667,128,0,1,Chili Chili Bang Bang,202,False,12,1425,1425,610,610,5,5,440,440,95,95,3.693,3.693,0.2159,0.2159
129,Fireball Spaghetti,恨ミノサンド,55,650,710,576,3,40,1728,1078,1.52,0.056,129,0,1,Fireball Spaghetti,205,False,14,250,300,265,145,2,6,100,90,44,40,2.8,6.333,0.44,0.4444
130,Zap Bar,汚水牛のもも肉,56,2010,935,670,6,85,4020,2010,2.15,0.091,130,0,1,Zap Bar,206,False,14,150,200,200,95,2,5,60,30,32,16,4.167,9.167,0.5333,0.5333
131,Super Fruit Punch,生臭いサンタのケーキ,3,1224,160,360,6,70,2160,936,5.85,0.438,131,36,5,Super Fruit Punch,207,False,14,405,400,295,295,3,3,15,15,12,12,32.0,32.333,0.8,0.8
132,Orion Soup,目で鯛,3,2013,4320,1000,7,300,7000,4987,1.15,0.069,132,37,5,Orion Soup,208,False,14,400,400,285,165,3,6,200,120,68,41,2.275,4.917,0.34,0.3417
133,Green Belt Peppers,臓物風チョコ,3,214,60,50,6,14,300,86,1.43,0.233,133,39,5,Green Belt Peppers,209,False,14,430,250,235,65,4,12,245,60,75,18,2.082,8.833,0.3061,0.3
134,Reactor Burger,愛憎いっぱい裏義理キャンディ,3,314,60,60,7,14,420,106,1.77,0.233,134,127,5,Reactor Burger,210,False,14,700,1100,290,480,4,7,450,480,80,85,1.022,4.708,0.1778,0.1771
135,Tropical Coco Brain,ホワイト戯腐兎,3,1314,300,300,7,90,2100,786,2.62,0.3,135,45,5,Tropical Coco Brain,211,False,81,2820,2820,720,720,7,7,840,840,205,205,2.643,2.643,0.244,0.244
136,Cali Snail Rolls,鯉臭ジュース,3,555,120,280,3,30,840,285,2.38,0.25,136,127,5,Cali Snail Rolls,212,False,82,3295,3200,820,800,8,14,1200,1200,218,218,2.721,6.667,0.1817,0.1817
137,Croccoli Soup,鯉の汚物煮 カブト添え,3,1555,360,320,6,70,1920,365,1.01,0.194,137,127,5,Croccoli Soup,213,False,83,3640,3600,900,900,9,16,1560,1560,232,232,2.859,6.923,0.1487,0.1487
138,Dracooler,ウイルス味ポップトゥース,57,909,120,300,4,70,1200,291,2.42,0.583,138,0,1,Dracooler,204,False,13,1350,1350,250,250,6,6,90,90,65,65,1.667,1.667,0.7222,0.7222
139,Squirmy Maggot Ice,ウジウジした氷,6,300,180,250,3,50,750,450,2.5,0.278,142,127,5,,,False,,,,,,,,,,,,,,,
140,Brain Washer Soup,２周年カラフォーケーキ,4,730,730,563,6,22,3378,2648,3.63,0.03,143,127,5,Brain Washer Soup,214,False,14,600,600,600,600,2,2,20,20,18,18,30.0,30.0,0.9,0.9
141,Nuke Fondue,おばけかぼちゃプリン,12,1500,800,240,7,180,1680,180,0.23,0.225,144,127,5,Nuke Fondue,215,False,14,1800,1800,975,975,4,4,1080,1080,110,110,1.944,1.944,0.1019,0.1019
142,Bat BBQ with Filthy Sauce,バットBBQ汚ソース添え,24,5555,1000,488,12,300,5856,301,0.3,0.3,145,127,5,,,False,,,,,,,,,,,,,,,
143,Reckless Eyeballs,や無茶な目玉,58,1500,580,320,9,58,2880,1380,2.38,0.1,146,0,1,,,False,,,,,,,,,,,,,,,
144,Fake Tea Jelly,ティーなふりしたゼリー,10,250,300,100,10,33,1000,750,2.5,0.11,147,127,5,,,False,,,,,,,,,,,,,,,
145,Mad Dessert Platter,気狂いなデザート盛合せ,18,2014,4320,900,8,350,7200,5186,1.2,0.081,148,127,5,,,False,,,,,,,,,,,,,,,
146,Cheshire Ham Tea,チェッシャムティー,28,1600,1560,600,7,200,4200,2600,1.67,0.128,149,127,5,,,False,,,,,,,,,,,,,,,
147,Giant Silkworm Spring Roll,大生糸春巻き,14,2000,360,120,22,200,2640,640,1.78,0.556,151,127,5,,,False,,,,,,,,,,,,,,,
148,Scavenged Morning Set,朝るとモーニング,32,7000,4320,10,1400,100,14000,7000,1.62,0.023,152,127,5,,,False,,,,,,,,,,,,,,,
149,Multi-Species Skull Sampler,ドクロの多種族食べ比べ,28,400,30,20,30,50,600,200,6.67,1.667,150,127,5,,,False,,,,,,,,,,,,,,,
150,Almond Jelly Pearls,杏仁パール,13,512,256,128,7,99,896,384,1.5,0.387,153,127,5,,,False,,,,,,,,,,,,,,,
151,Red Dragon Head Stew,赤龍のかぶと煮,29,1500,900,600,6,220,3600,2100,2.33,0.244,154,127,5,,,False,,,,,,,,,,,,,,,
152,White Bread Man,ホワイトブレッドマン,11,600,120,314,3,80,942,342,2.85,0.667,155,127,5,,,False,,,,,,,,,,,,,,,
153,Red God Chili Pepper,レッドゴッドチリペッパー,10,350,150,200,4,45,800,450,3.0,0.3,158,127,5,,,False,,,,,,,,,,,,,,,
154,Tartenon Berries,タルテノンベリーズ,27,2000,1200,650,6,180,3900,1900,1.58,0.15,159,127,5,,,False,,,,,,,,,,,,,,,
155,Zombie Sneeze Pizza,ゾンビのくしゃみピザ,59,600,250,220,6,46,1320,720,2.88,0.184,156,0,1,,,False,,,,,,,,,,,,,,,
156,Stuffed Bat,コウモリの肉づめ,12,340,10,100,4,12,400,60,6.0,1.2,160,127,5,,,False,,,,,,,,,,,,,,,
157,Jambala-EYE,ジャンバラEYE,20,2500,1500,550,6,120,3300,800,0.53,0.08,161,127,5,,,False,,,,,,,,,,,,,,,
158,Ice Calavera,アイスカラーべ,9,250,30,120,4,15,480,230,7.67,0.5,162,127,5,,,False,,,,,,,,,,,,,,,
159,Meat with Beetroot,肉のビートルート添え,16,1000,530,450,4,105,1800,800,1.51,0.198,163,127,5,,,False,,,,,,,,,,,,,,,
160,Tutankhamun Dessert,ツタンカーメンデザート,60,1200,1200,620,4,170,2480,1280,1.07,0.142,157,0,1,,,False,,,,,,,,,,,,,,,
161,Oni Chikuzen Stew,鬼ちくぜん煮,33,1600,300,300,6,165,1800,200,0.67,0.55,164,127,5,,,False,,,,,,,,,,,,,,,
162,Bamboo Brain Juice,バンブーブレインジュース,8,320,120,172,5,55,860,540,4.5,0.458,165,127,5,,,False,,,,,,,,,,,,,,,
163,Super Fruit Punch,スーパーフルーツパンチ,4,800,240,777,2,35,1554,754,3.14,0.146,166,127,5,,,False,,,,,,,,,,,,,,,
164,ZAP Bar,ZAPバー,23,1400,720,333,7,240,2331,931,1.29,0.333,167,127,5,,,False,,,,,,,,,,,,,,,
165,Sketchy Somen,ヤバ素麺,6,420,360,200,5,100,1000,580,1.61,0.278,168,127,5,,,False,,,,,,,,,,,,,,,
166,Shark Headlock,シャークヘッドロック,17,1800,360,700,4,90,2800,1000,2.78,0.25,169,127,5,,,False,,,,,,,,,,,,,,,
167,3rd Anniversary Bento,３周年キャラ弁,4,830,600,333,10,50,3330,2500,4.17,0.083,170,127,5,,,False,,,,,,,,,,,,,,,
168,Hot Frog,ホットフロッグ,61,1800,840,760,6,130,4560,2760,3.29,0.155,171,0,1,,,False,,,,,,,,,,,,,,,
169,Mega-Heap Bento,爆盛り弁当,8,650,60,150,8,80,1200,550,9.17,1.333,172,127,5,,,False,,,,,,,,,,,,,,,
170,Eyeball Yakisoba,目玉な焼きソバ,10,600,45,300,4,60,1200,600,13.33,1.333,173,127,5,,,False,,,,,,,,,,,,,,,
171,Magical Omurice,魔法なオムライス,25,1300,420,520,7,125,3640,2340,5.57,0.298,174,127,5,,,False,,,,,,,,,,,,,,,
172,Arthur Tongue with Salt,アーサータン塩,15,3000,800,1100,5,70,5500,2500,3.12,0.087,175,127,5,,,False,,,,,,,,,,,,,,,
173,Chilly Melon,メロンくーり,10,700,180,230,6,45,1380,680,3.78,0.25,176,127,5,,,False,,,,,,,,,,,,,,,
174,Tooth-Breaker Steak,歯壊ステーキ,28,2500,700,1300,4,190,5200,2700,3.86,0.271,177,127,5,,,False,,,,,,,,,,,,,,,
175,Suspicious E-Tank Soup,あやしいＥ缶スープ,10,1000,300,300,6,80,1800,800,2.67,0.267,178,127,5,,,False,,,,,,,,,,,,,,,
176,1-Up Steak,1Up風ステーキ,20,1987,600,1217,3,132,3651,1664,2.77,0.22,179,127,5,,,False,,,,,,,,,,,,,,,
177,Donkey Dog,ドンキードッグ,12,300,180,180,7,100,1260,960,5.33,0.556,180,127,5,,,False,,,,,,,,,,,,,,,
178,Vampire Burger,ヴァンパイアバーガー,9,600,420,200,10,65,2000,1400,3.33,0.155,181,127,5,,,False,,,,,,,,,,,,,,,
179,Vampire Lunch,ヴァンパイアランチ,18,2000,1380,550,10,180,5500,3500,2.54,0.13,182,127,5,,,False,,,,,,,,,,,,,,,
180,Mandragora Dip,マンドラゴラディップ,62,4000,600,850,8,130,6800,2800,4.67,0.217,183,0,1,,,False,,,,,,,,,,,,,,,
181,Hydra Salad,ヒュドラのサラダ,26,2500,1560,660,8,120,5280,2780,1.78,0.077,184,127,5,,,False,,,,,,,,,,,,,,,
182,Arthur Steak,アーサーステーキ,13,800,1320,400,6,100,2400,1600,1.21,0.076,185,127,5,,,False,,,,,,,,,,,,,,,
183,Orc Steak,オークステーキ,5,1000,300,500,4,70,2000,1000,3.33,0.233,186,127,5,,,False,,,,,,,,,,,,,,,
184,Oil Stew,オイルシチュー,16,4000,1380,900,8,80,7200,3200,2.32,0.058,187,127,5,,,False,,,,,,,,,,,,,,,
185,Gnome Salad,こびとサラダ,21,1500,960,520,6,120,3120,1620,1.69,0.125,188,127,5,,,False,,,,,,,,,,,,,,,
186,Biting Bigfoot Bun,噛みつきビックフットまん,6,500,240,220,6,70,1320,820,3.42,0.292,189,127,5,,,False,,,,,,,,,,,,,,,
187,Garlic-Stuffed Vampire,ヴァンパイアのニンニク詰め,22,1800,150,400,9,90,3600,1800,12.0,0.6,190,127,5,,,False,,,,,,,,,,,,,,,
188,Ukule-Curry,ウクレカレー,19,1200,520,650,5,125,3250,2050,3.94,0.24,191,127,5,,,False,,,,,,,,,,,,,,,
189,SSS Pizza,SSSピザ,8,700,240,180,12,70,2160,1460,6.08,0.292,193,127,5,,,False,,,,,,,,,,,,,,,
190,Tiger-Bone Burger,トラがらバーガー,23,3500,1440,800,9,85,7200,3700,2.57,0.059,192,127,5,,,False,,,,,,,,,,,,,,,
191,Finger Dango,指団子,24,1000,150,300,8,100,2400,1400,9.33,0.667,194,127,5,,,False,,,,,,,,,,,,,,,
192,Salmon Roe Boat,イクラの舟盛り,30,2000,720,500,9,105,4500,2500,3.47,0.146,195,127,5,,,False,,,,,,,,,,,,,,,
193,Tropical Brain Juice,トロピカル脳ジュース,13,900,90,280,7,50,1960,1060,11.78,0.556,196,127,5,,,False,,,,,,,,,,,,,,,
194,Hand-Made Hotpot,Handメイド鍋,63,3200,1440,1400,5,120,7000,3800,2.64,0.083,197,0,1,,,False,,,,,,,,,,,,,,,
195,Fish & Coins,フィッシュ＆コイン,14,1100,440,280,8,65,2240,1140,2.59,0.148,198,127,5,,,False,,,,,,,,,,,,,,,
196,4th Anniversary Chirashi Sushi,４周年ちらし寿司,4,900,660,444,8,85,3552,2652,4.02,0.129,199,127,5,,,False,,,,,,,,,,,,,,,
197,Roast Bionic Pigeon,ロースト強化ハト,11,1200,960,350,7,110,2450,1250,1.3,0.115,200,127,5,,,False,,,,,,,,,,,,,,,
198,Bone Flakes,ボーンフレーク,19,1000,1200,720,5,135,3600,2600,2.17,0.113,201,127,5,,,False,,,,,,,,,,,,,,,
199,Hand-Wich,ハンド・ウィッチ,64,2500,400,800,6,100,4800,2300,5.75,0.25,204,0,1,,,False,,,,,,,,,,,,,,,
200,Ghost Pudding,ゴーストプディング,16,1031,1080,500,7,110,3500,2469,2.29,0.102,202,127,5,,,False,,,,,,,,,,,,,,,
201,Hsien-Ko's Tenraiha Salad,レイレイの天雷破サラダ,10,900,360,210,12,40,2520,1620,4.5,0.111,203,127,5,,,False,,,,,,,,,,,,,,,
202,Handshake-Ticket Tart,あくしゅ券付きタルト,20,2500,720,680,6,125,4080,1580,2.19,0.174,205,127,5,,,False,,,,,,,,,,,,,,,
203,Santa Claws,サンタクロウズ,15,1800,900,500,8,90,4000,2200,2.44,0.1,206,127,5,,,False,,,,,,,,,,,,,,,
204,Blood Juice,ブラッドジュース,12,1000,540,200,10,80,2000,1000,1.85,0.148,207,127,5,,,False,,,,,,,,,,,,,,,
205,Moldy Mirror Mochi,カガビ餅,7,2016,400,400,7,60,2800,784,1.96,0.15,208,127,5,,,False,,,,,,,,,,,,,,,
206,Deep-Sea Fish on Ice,深海魚の氷漬,13,1600,1320,600,6,50,3600,2000,1.52,0.038,209,127,5,,,False,,,,,,,,,,,,,,,
207,Used-Smell Curry,ユーズド臭カレー,14,2100,720,450,7,75,3150,1050,1.46,0.104,210,127,5,,,False,,,,,,,,,,,,,,,
208,Jiraiya's Koya Tofu,ジライヤの高野豆腐,18,640,320,250,5,55,1250,610,1.91,0.172,211,127,5,,,False,,,,,,,,,,,,,,,
209,Elephant Burger,エレファントバーガー,65,3000,960,600,9,120,5400,2400,2.5,0.125,212,0,1,,,False,,,,,,,,,,,,,,,
210,Suzaku Soup Curry,スザクスープカリー,11,550,240,150,9,30,1350,800,3.33,0.125,213,127,5,,,False,,,,,,,,,,,,,,,
211,Sea King Leg Steak,海王の足ステーキ,25,3000,1320,450,10,200,4500,1500,1.14,0.152,214,127,4,,,False,,,,,,,,,,,,,,,
212,Nose Gelee,ノーズジュレ,9,600,120,120,10,15,1200,600,5.0,0.125,215,127,4,,,False,,,,,,,,,,,,,,,
213,Baked Caterpillar Wrap,青虫の包焼,28,2100,560,850,6,100,5100,3000,5.36,0.179,216,127,4,,,False,,,,,,,,,,,,,,,
214,Panda Cocktail,パンダカクテル,10,800,1140,400,4,55,1600,800,0.7,0.048,217,127,4,,,False,,,,,,,,,,,,,,,
215,Rockman Bun,ロックまん,12,2000,2160,100,30,80,3000,1000,0.46,0.037,218,127,4,,,False,,,,,,,,,,,,,,,
216,X Bun,エックスまん,22,4000,2880,100,60,120,6000,2000,0.69,0.042,219,127,4,,,False,,,,,,,,,,,,,,,
217,Suspicious Sashimi Boat,あやしい舟盛り,17,2400,1200,777,6,60,4662,2262,1.89,0.05,220,127,4,,,False,,,,,,,,,,,,,,,
218,Martian Macaroni,火星人マカロニ,34,2500,240,400,7,190,2800,300,1.25,0.792,221,127,4,,,False,,,,,,,,,,,,,,,
219,Gut Guacamole,腸ワカモレ,66,1000,270,250,10,80,2500,1500,5.56,0.296,222,0,1,,,False,,,,,,,,,,,,,,,
220,Piledriver Steak,パイルドライバーステーキ,19,1400,900,1200,3,80,3600,2200,2.44,0.089,223,127,4,,,False,,,,,,,,,,,,,,,
221,Miso Bread,みそパン,27,1000,180,300,6,100,1800,800,4.44,0.556,224,127,4,,,False,,,,,,,,,,,,,,,
222,Angel Ring,天使リング,16,400,150,320,5,70,1600,1200,8.0,0.467,225,127,4,,,False,,,,,,,,,,,,,,,
223,Roast Deer Head,シカのかぶと焼き,42,8000,3600,100,100,200,10000,2000,0.56,0.056,226,127,4,,,False,,,,,,,,,,,,,,,
224,Axl Bun,アクセルまん,22,2500,1680,500,8,150,4000,1500,0.89,0.089,227,127,4,,,False,,,,,,,,,,,,,,,
225,Zero Bun,ゼロまん,12,1500,1440,600,4,130,2400,900,0.62,0.09,228,127,4,,,False,,,,,,,,,,,,,,,
226,Over-1 Bun,Over-まん,32,3000,2880,800,7,200,5600,2600,0.9,0.069,229,127,4,,,False,,,,,,,,,,,,,,,
227,Zombie Pancakes,ゾンビパンケーキ,26,900,60,900,2,40,1800,900,15.0,0.667,230,127,4,,,False,,,,,,,,,,,,,,,
228,Eyeball Dango,目玉団子,14,400,180,150,8,60,1200,800,4.44,0.333,231,127,4,,,False,,,,,,,,,,,,,,,
229,Zombie Bun,ゾンビまん,4,900,720,555,5,100,2775,1875,2.6,0.139,232,127,4,,,False,,,,,,,,,,,,,,,
230,Zero-G Steak,無重力ステーキ,29,8000,1680,1000,12,200,12000,4000,2.38,0.119,233,127,4,,,False,,,,,,,,,,,,,,,
231,Pluto Juice,プルトーンジュース,35,1600,2400,400,10,120,4000,2400,1.0,0.05,234,127,4,,,False,,,,,,,,,,,,,,,
232,Vampire Stew,ヴァンパイアシチュー,8,450,360,300,6,60,1800,1350,3.75,0.167,235,127,4,,,False,,,,,,,,,,,,,,,
233,Ice Coffin,アイスコフィン,21,1500,540,600,5,100,3000,1500,2.78,0.185,236,127,4,,,False,,,,,,,,,,,,,,,
